QuestionId,OriginalFileName,NewFileName,MediaFullPath,NewMediaFullPath,LocalMediaPath,Source,SectionCode,language_iso_code,subject_id,subject_name,grade_id,grade_url_text,country_iso_code,parent_id,clone_parent_id,Status,IsSuccess,Success,ErrorMessage
142157197056,583101939827.1.tex,,question/Clone/142157197056/583101939827.1.tex,,E:/ContentMigrationPipelineOutput/Step4_OUTPUT/142157197056/tex/583101939827.1.tex,Database,917198752853,fr,464169569783,Mathématiques,979180725863,12,eg,583101939827,349153105368,Skipped,True,True,Record skipped - Status is 'Skipped' (only 'Mapped' records with Source='JSON' are processed)
142157197056,142157197056.1.svg,,question/Clone/142157197056/142157197056.1.svg,,E:/ContentMigrationPipelineOutput/Step4_OUTPUT/142157197056/tex/142157197056.1.svg,Database,917198752853,fr,464169569783,Mathématiques,979180725863,12,eg,583101939827,349153105368,Skipped,True,True,Record skipped - Status is 'Skipped' (only 'Mapped' records with Source='JSON' are processed)
142157197056,583101939827.1.1.tex,,question/Clone/142157197056/142157197056.figures/583101939827.1.1.tex,,E:/ContentMigrationPipelineOutput/Step4_OUTPUT/142157197056/tex/142157197056.figures/583101939827.1.1.tex,Database,917198752853,fr,464169569783,Mathématiques,979180725863,12,eg,583101939827,349153105368,Skipped,True,True,Record skipped - Status is 'Skipped' (only 'Mapped' records with Source='JSON' are processed)
142157197056,142157197056.1.tex,,question/Clone/142157197056/tex/142157197056.1.tex,,E:/ContentMigrationPipelineOutput/Step4_OUTPUT/142157197056/tex/tex/142157197056.1.tex,Database,917198752853,fr,464169569783,Mathématiques,979180725863,12,eg,583101939827,349153105368,Skipped,True,True,Record skipped - Status is 'Skipped' (only 'Mapped' records with Source='JSON' are processed)
142157197056,142157197056.1.svg,142157197056.01.svg,https://files-cds-chestnut-com.s3.amazonaws.com/question/Clone/142157197056/142157197056.1.svg,142157197056.01.svg,E:/ContentMigrationPipelineOutput/Step4_OUTPUT/142157197056/Updated/142157197056.01.svg,JSON,917198752853,fr,464169569783,Mathématiques,979180725863,12,eg,583101939827,349153105368,Success,True,True,
153196986259,153196986259.1.svg,153196986259.01.svg,https://files-cds-chestnut-com.s3.amazonaws.com/question/Clone/153196986259/153196986259.1.svg,153196986259.01.svg,E:/ContentMigrationPipelineOutput/Step4_OUTPUT/153196986259/Updated/153196986259.01.svg,JSON,436169084952,fr,596139672187,Mathematics,747181064157,7,zz,356182123108,,Success,False,True,
154103794321,154103794321.1.tex,,question/Translation/154103794321/tex/154103794321.1.tex,,E:/ContentMigrationPipelineOutput/Step4_OUTPUT/154103794321/tex/tex/154103794321.1.tex,Database,815193916062,ar,759129548570,تكنولوجيا المعلومات والاتصالات,898134813215,11,eg,905180797323,,Skipped,True,True,Record skipped - Status is 'Skipped' (only 'Mapped' records with Source='JSON' are processed)
165178467537,102101560845.1.tex,,question/Translation/165178467537/102101560845.1.tex,,E:/ContentMigrationPipelineOutput/Step4_OUTPUT/165178467537/tex/102101560845.1.tex,Database,182193951937,pt,507192767485,Mathematics,612152797413,6,zz,102101560845,,Skipped,True,True,Record skipped - Status is 'Skipped' (only 'Mapped' records with Source='JSON' are processed)
165178467537,165178467537.1.tex,,question/Translation/165178467537/tex/165178467537.1.tex,,E:/ContentMigrationPipelineOutput/Step4_OUTPUT/165178467537/tex/tex/165178467537.1.tex,Database,182193951937,pt,507192767485,Mathematics,612152797413,6,zz,102101560845,,Skipped,True,True,Record skipped - Status is 'Skipped' (only 'Mapped' records with Source='JSON' are processed)
165178467537,102101560845.1.1.tex,,question/Translation/165178467537/165178467537.figures/102101560845.1.1.tex,,E:/ContentMigrationPipelineOutput/Step4_OUTPUT/165178467537/tex/165178467537.figures/102101560845.1.1.tex,Database,182193951937,pt,507192767485,Mathematics,612152797413,6,zz,102101560845,,Skipped,True,True,Record skipped - Status is 'Skipped' (only 'Mapped' records with Source='JSON' are processed)
165178467537,1.svg,165178467537.01.svg,https://images.nagwa.com/figures/165178467537/1.svg,165178467537.01.svg,E:/ContentMigrationPipelineOutput/Step4_OUTPUT/165178467537/Updated/165178467537.01.svg,JSON,182193951937,pt,507192767485,Mathematics,612152797413,6,zz,102101560845,,Success,True,True,
183179603159,183179603159.1.svg,,question/Clone/183179603159/183179603159.1.svg,,E:/ContentMigrationPipelineOutput/Step4_OUTPUT/183179603159/tex/183179603159.1.svg,Database,938197912174,pt,272104131931,Mathematics,923158968214,3,eg,213129827247,769184930654,Skipped,True,True,Record skipped - Status is 'Skipped' (only 'Mapped' records with Source='JSON' are processed)
183179603159,213129827247.1.tex,,question/Clone/183179603159/183179603159.figures/213129827247.1.tex,,E:/ContentMigrationPipelineOutput/Step4_OUTPUT/183179603159/tex/183179603159.figures/213129827247.1.tex,Database,938197912174,pt,272104131931,Mathematics,923158968214,3,eg,213129827247,769184930654,Skipped,True,True,Record skipped - Status is 'Skipped' (only 'Mapped' records with Source='JSON' are processed)
183179603159,213129827247.1.tex,,question/Clone/183179603159/213129827247.1.tex,,E:/ContentMigrationPipelineOutput/Step4_OUTPUT/183179603159/tex/213129827247.1.tex,Database,938197912174,pt,272104131931,Mathematics,923158968214,3,eg,213129827247,769184930654,Skipped,True,True,Record skipped - Status is 'Skipped' (only 'Mapped' records with Source='JSON' are processed)
183179603159,213129827247.2.svg,,question/Clone/183179603159/213129827247.2.svg,,E:/ContentMigrationPipelineOutput/Step4_OUTPUT/183179603159/tex/213129827247.2.svg,Database,938197912174,pt,272104131931,Mathematics,923158968214,3,eg,213129827247,769184930654,Skipped,True,True,Record skipped - Status is 'Skipped' (only 'Mapped' records with Source='JSON' are processed)
183179603159,183179603159.1.tex,,question/Clone/183179603159/tex/183179603159.1.tex,,E:/ContentMigrationPipelineOutput/Step4_OUTPUT/183179603159/tex/tex/183179603159.1.tex,Database,938197912174,pt,272104131931,Mathematics,923158968214,3,eg,213129827247,769184930654,Skipped,True,True,Record skipped - Status is 'Skipped' (only 'Mapped' records with Source='JSON' are processed)
183179603159,183179603159.1.svg,183179603159.01.svg,https://files-cds-chestnut-com.s3.amazonaws.com/question/Clone/183179603159/183179603159.1.svg,183179603159.01.svg,E:/ContentMigrationPipelineOutput/Step4_OUTPUT/183179603159/Updated/183179603159.01.svg,JSON,938197912174,pt,272104131931,Mathematics,923158968214,3,eg,213129827247,769184930654,Success,True,True,
212192398218,212192398218.1.svg,,question/Clone/212192398218/212192398218.1.svg,,E:/ContentMigrationPipelineOutput/Step4_OUTPUT/212192398218/tex/212192398218.1.svg,Database,917189021362,pt,986160321713,Mathematics,934185068749,10,eg,814150378713,867196969024,Skipped,True,True,Record skipped - Status is 'Skipped' (only 'Mapped' records with Source='JSON' are processed)
212192398218,814150378713.1.1.tex,,question/Clone/212192398218/212192398218.figures/814150378713.1.1.tex,,E:/ContentMigrationPipelineOutput/Step4_OUTPUT/212192398218/tex/212192398218.figures/814150378713.1.1.tex,Database,917189021362,pt,986160321713,Mathematics,934185068749,10,eg,814150378713,867196969024,Skipped,True,True,Record skipped - Status is 'Skipped' (only 'Mapped' records with Source='JSON' are processed)
212192398218,814150378713.1.tex,,question/Clone/212192398218/814150378713.1.tex,,E:/ContentMigrationPipelineOutput/Step4_OUTPUT/212192398218/tex/814150378713.1.tex,Database,917189021362,pt,986160321713,Mathematics,934185068749,10,eg,814150378713,867196969024,Skipped,True,True,Record skipped - Status is 'Skipped' (only 'Mapped' records with Source='JSON' are processed)
212192398218,212192398218.1.tex,,question/Clone/212192398218/tex/212192398218.1.tex,,E:/ContentMigrationPipelineOutput/Step4_OUTPUT/212192398218/tex/tex/212192398218.1.tex,Database,917189021362,pt,986160321713,Mathematics,934185068749,10,eg,814150378713,867196969024,Skipped,True,True,Record skipped - Status is 'Skipped' (only 'Mapped' records with Source='JSON' are processed)
212192398218,212192398218.1.svg,212192398218.01.svg,https://files-cds-chestnut-com.s3.amazonaws.com/question/Clone/212192398218/212192398218.1.svg,212192398218.01.svg,E:/ContentMigrationPipelineOutput/Step4_OUTPUT/212192398218/Updated/212192398218.01.svg,JSON,917189021362,pt,986160321713,Mathematics,934185068749,10,eg,814150378713,867196969024,Success,True,True,
273123157217,273123157217.2.svg,,question/Clone/273123157217/273123157217.2.svg,,E:/ContentMigrationPipelineOutput/Step4_OUTPUT/273123157217/tex/273123157217.2.svg,Database,769101818624,ar,108185721980,الكيمياء,934185068749,10,eg,965106753767,274125451493,Skipped,True,True,Record skipped - Status is 'Skipped' (only 'Mapped' records with Source='JSON' are processed)
273123157217,965106753767.3.svg,,question/Clone/273123157217/965106753767.3.svg,,E:/ContentMigrationPipelineOutput/Step4_OUTPUT/273123157217/tex/965106753767.3.svg,Database,769101818624,ar,108185721980,الكيمياء,934185068749,10,eg,965106753767,274125451493,Skipped,True,True,Record skipped - Status is 'Skipped' (only 'Mapped' records with Source='JSON' are processed)
273123157217,273123157217.1.tex,,question/Clone/273123157217/tex/273123157217.1.tex,,E:/ContentMigrationPipelineOutput/Step4_OUTPUT/273123157217/tex/tex/273123157217.1.tex,Database,769101818624,ar,108185721980,الكيمياء,934185068749,10,eg,965106753767,274125451493,Skipped,True,True,Record skipped - Status is 'Skipped' (only 'Mapped' records with Source='JSON' are processed)
273123157217,965106753767.2.svg,,question/Clone/273123157217/tex/965106753767.2.svg,,E:/ContentMigrationPipelineOutput/Step4_OUTPUT/273123157217/tex/tex/965106753767.2.svg,Database,769101818624,ar,108185721980,الكيمياء,934185068749,10,eg,965106753767,274125451493,Skipped,True,True,Record skipped - Status is 'Skipped' (only 'Mapped' records with Source='JSON' are processed)
273123157217,965106753767.3.svg,,question/Clone/273123157217/tex/965106753767.3.svg,,E:/ContentMigrationPipelineOutput/Step4_OUTPUT/273123157217/tex/tex/965106753767.3.svg,Database,769101818624,ar,108185721980,الكيمياء,934185068749,10,eg,965106753767,274125451493,Skipped,True,True,Record skipped - Status is 'Skipped' (only 'Mapped' records with Source='JSON' are processed)
273123157217,273123157217.1.svg,,question/Clone/273123157217/273123157217.1.svg,,E:/ContentMigrationPipelineOutput/Step4_OUTPUT/273123157217/tex/273123157217.1.svg,Database,769101818624,ar,108185721980,الكيمياء,934185068749,10,eg,965106753767,274125451493,Skipped,True,True,Record skipped - Status is 'Skipped' (only 'Mapped' records with Source='JSON' are processed)
273123157217,273123157217.3.svg,,question/Clone/273123157217/273123157217.3.svg,,E:/ContentMigrationPipelineOutput/Step4_OUTPUT/273123157217/tex/273123157217.3.svg,Database,769101818624,ar,108185721980,الكيمياء,934185068749,10,eg,965106753767,274125451493,Skipped,True,True,Record skipped - Status is 'Skipped' (only 'Mapped' records with Source='JSON' are processed)
273123157217,273123157217.4.svg,,question/Clone/273123157217/273123157217.4.svg,,E:/ContentMigrationPipelineOutput/Step4_OUTPUT/273123157217/tex/273123157217.4.svg,Database,769101818624,ar,108185721980,الكيمياء,934185068749,10,eg,965106753767,274125451493,Skipped,True,True,Record skipped - Status is 'Skipped' (only 'Mapped' records with Source='JSON' are processed)
273123157217,273123157217.5.svg,,question/Clone/273123157217/273123157217.5.svg,,E:/ContentMigrationPipelineOutput/Step4_OUTPUT/273123157217/tex/273123157217.5.svg,Database,769101818624,ar,108185721980,الكيمياء,934185068749,10,eg,965106753767,274125451493,Skipped,True,True,Record skipped - Status is 'Skipped' (only 'Mapped' records with Source='JSON' are processed)
273123157217,965106753767.1.svg,,question/Clone/273123157217/965106753767.1.svg,,E:/ContentMigrationPipelineOutput/Step4_OUTPUT/273123157217/tex/965106753767.1.svg,Database,769101818624,ar,108185721980,الكيمياء,934185068749,10,eg,965106753767,274125451493,Skipped,True,True,Record skipped - Status is 'Skipped' (only 'Mapped' records with Source='JSON' are processed)
273123157217,965106753767.2.svg,,question/Clone/273123157217/965106753767.2.svg,,E:/ContentMigrationPipelineOutput/Step4_OUTPUT/273123157217/tex/965106753767.2.svg,Database,769101818624,ar,108185721980,الكيمياء,934185068749,10,eg,965106753767,274125451493,Skipped,True,True,Record skipped - Status is 'Skipped' (only 'Mapped' records with Source='JSON' are processed)
273123157217,965106753767.4.svg,,question/Clone/273123157217/965106753767.4.svg,,E:/ContentMigrationPipelineOutput/Step4_OUTPUT/273123157217/tex/965106753767.4.svg,Database,769101818624,ar,108185721980,الكيمياء,934185068749,10,eg,965106753767,274125451493,Skipped,True,True,Record skipped - Status is 'Skipped' (only 'Mapped' records with Source='JSON' are processed)
273123157217,965106753767.5.svg,,question/Clone/273123157217/965106753767.5.svg,,E:/ContentMigrationPipelineOutput/Step4_OUTPUT/273123157217/tex/965106753767.5.svg,Database,769101818624,ar,108185721980,الكيمياء,934185068749,10,eg,965106753767,274125451493,Skipped,True,True,Record skipped - Status is 'Skipped' (only 'Mapped' records with Source='JSON' are processed)
273123157217,965106753767.1.svg,,question/Clone/273123157217/tex/965106753767.1.svg,,E:/ContentMigrationPipelineOutput/Step4_OUTPUT/273123157217/tex/tex/965106753767.1.svg,Database,769101818624,ar,108185721980,الكيمياء,934185068749,10,eg,965106753767,274125451493,Skipped,True,True,Record skipped - Status is 'Skipped' (only 'Mapped' records with Source='JSON' are processed)
273123157217,965106753767.4.svg,,question/Clone/273123157217/tex/965106753767.4.svg,,E:/ContentMigrationPipelineOutput/Step4_OUTPUT/273123157217/tex/tex/965106753767.4.svg,Database,769101818624,ar,108185721980,الكيمياء,934185068749,10,eg,965106753767,274125451493,Skipped,True,True,Record skipped - Status is 'Skipped' (only 'Mapped' records with Source='JSON' are processed)
273123157217,965106753767.5.svg,,question/Clone/273123157217/tex/965106753767.5.svg,,E:/ContentMigrationPipelineOutput/Step4_OUTPUT/273123157217/tex/tex/965106753767.5.svg,Database,769101818624,ar,108185721980,الكيمياء,934185068749,10,eg,965106753767,274125451493,Skipped,True,True,Record skipped - Status is 'Skipped' (only 'Mapped' records with Source='JSON' are processed)
273123157217,273123157217.3.svg,273123157217.04.svg,https://files-cds-chestnut-com.s3.amazonaws.com/question/Clone/273123157217/273123157217.3.svg,273123157217.04.svg,E:/ContentMigrationPipelineOutput/Step4_OUTPUT/273123157217/Updated/273123157217.04.svg,JSON,769101818624,ar,108185721980,الكيمياء,934185068749,10,eg,965106753767,274125451493,Success,True,True,
273123157217,273123157217.1.svg,273123157217.03.svg,https://files-cds-chestnut-com.s3.amazonaws.com/question/Clone/273123157217/273123157217.1.svg,273123157217.03.svg,E:/ContentMigrationPipelineOutput/Step4_OUTPUT/273123157217/Updated/273123157217.03.svg,JSON,769101818624,ar,108185721980,الكيمياء,934185068749,10,eg,965106753767,274125451493,Success,True,True,
273123157217,273123157217.2.svg,273123157217.02.svg,https://files-cds-chestnut-com.s3.amazonaws.com/question/Clone/273123157217/273123157217.2.svg,273123157217.02.svg,E:/ContentMigrationPipelineOutput/Step4_OUTPUT/273123157217/Updated/273123157217.02.svg,JSON,769101818624,ar,108185721980,الكيمياء,934185068749,10,eg,965106753767,274125451493,Success,True,True,
273123157217,273123157217.4.svg,273123157217.01.svg,https://files-cds-chestnut-com.s3.amazonaws.com/question/Clone/273123157217/273123157217.4.svg,273123157217.01.svg,E:/ContentMigrationPipelineOutput/Step4_OUTPUT/273123157217/Updated/273123157217.01.svg,JSON,769101818624,ar,108185721980,الكيمياء,934185068749,10,eg,965106753767,274125451493,Success,True,True,
278171702932,278171702932.2.svg,,question/Clone/278171702932/278171702932.2.svg,,E:/ContentMigrationPipelineOutput/Step4_OUTPUT/278171702932/tex/278171702932.2.svg,Database,829128916010,pt,876139201973,Mathematics,898134813215,11,eg,192187680937,463157403450,Skipped,True,True,Record skipped - Status is 'Skipped' (only 'Mapped' records with Source='JSON' are processed)
278171702932,278171702932.3.svg,,question/Clone/278171702932/278171702932.3.svg,,E:/ContentMigrationPipelineOutput/Step4_OUTPUT/278171702932/tex/278171702932.3.svg,Database,829128916010,pt,876139201973,Mathematics,898134813215,11,eg,192187680937,463157403450,Skipped,True,True,Record skipped - Status is 'Skipped' (only 'Mapped' records with Source='JSON' are processed)
278171702932,278171702932.1.tex,,question/Clone/278171702932/tex/278171702932.1.tex,,E:/ContentMigrationPipelineOutput/Step4_OUTPUT/278171702932/tex/tex/278171702932.1.tex,Database,829128916010,pt,876139201973,Mathematics,898134813215,11,eg,192187680937,463157403450,Skipped,True,True,Record skipped - Status is 'Skipped' (only 'Mapped' records with Source='JSON' are processed)
278171702932,192187680937.1.tex,,question/Clone/278171702932/192187680937.1.tex,,E:/ContentMigrationPipelineOutput/Step4_OUTPUT/278171702932/tex/192187680937.1.tex,Database,829128916010,pt,876139201973,Mathematics,898134813215,11,eg,192187680937,463157403450,Skipped,True,True,Record skipped - Status is 'Skipped' (only 'Mapped' records with Source='JSON' are processed)
278171702932,278171702932.1.svg,,question/Clone/278171702932/278171702932.1.svg,,E:/ContentMigrationPipelineOutput/Step4_OUTPUT/278171702932/tex/278171702932.1.svg,Database,829128916010,pt,876139201973,Mathematics,898134813215,11,eg,192187680937,463157403450,Skipped,True,True,Record skipped - Status is 'Skipped' (only 'Mapped' records with Source='JSON' are processed)
278171702932,192187680937.1.tex,,question/Clone/278171702932/278171702932.figures/192187680937.1.tex,,E:/ContentMigrationPipelineOutput/Step4_OUTPUT/278171702932/tex/278171702932.figures/192187680937.1.tex,Database,829128916010,pt,876139201973,Mathematics,898134813215,11,eg,192187680937,463157403450,Skipped,True,True,Record skipped - Status is 'Skipped' (only 'Mapped' records with Source='JSON' are processed)
278171702932,278171702932.2.svg,278171702932.03.svg,https://files-cds-chestnut-com.s3.amazonaws.com/question/Clone/278171702932/278171702932.2.svg,278171702932.03.svg,E:/ContentMigrationPipelineOutput/Step4_OUTPUT/278171702932/Updated/278171702932.03.svg,JSON,829128916010,pt,876139201973,Mathematics,898134813215,11,eg,192187680937,463157403450,Success,True,True,
278171702932,278171702932.1.svg,278171702932.02.svg,https://files-cds-chestnut-com.s3.amazonaws.com/question/Clone/278171702932/278171702932.1.svg,278171702932.02.svg,E:/ContentMigrationPipelineOutput/Step4_OUTPUT/278171702932/Updated/278171702932.02.svg,JSON,829128916010,pt,876139201973,Mathematics,898134813215,11,eg,192187680937,463157403450,Success,True,True,
278171702932,278171702932.3.svg,278171702932.01.svg,https://files-cds-chestnut-com.s3.amazonaws.com/question/Clone/278171702932/278171702932.3.svg,278171702932.01.svg,E:/ContentMigrationPipelineOutput/Step4_OUTPUT/278171702932/Updated/278171702932.01.svg,JSON,829128916010,pt,876139201973,Mathematics,898134813215,11,eg,192187680937,463157403450,Success,True,True,
284148709450,894189435806.1.1.tex,,question/Clone/284148709450/284148709450.figures/894189435806.1.1.tex,,E:/ContentMigrationPipelineOutput/Step4_OUTPUT/284148709450/tex/284148709450.figures/894189435806.1.1.tex,Database,917191419130,fr,916194089098,Mathématiques,934185068749,10,eg,894189435806,629162436216,Skipped,True,True,Record skipped - Status is 'Skipped' (only 'Mapped' records with Source='JSON' are processed)
284148709450,894189435806.1.tex,,question/Clone/284148709450/894189435806.1.tex,,E:/ContentMigrationPipelineOutput/Step4_OUTPUT/284148709450/tex/894189435806.1.tex,Database,917191419130,fr,916194089098,Mathématiques,934185068749,10,eg,894189435806,629162436216,Skipped,True,True,Record skipped - Status is 'Skipped' (only 'Mapped' records with Source='JSON' are processed)
284148709450,284148709450.1.tex,,question/Clone/284148709450/tex/284148709450.1.tex,,E:/ContentMigrationPipelineOutput/Step4_OUTPUT/284148709450/tex/tex/284148709450.1.tex,Database,917191419130,fr,916194089098,Mathématiques,934185068749,10,eg,894189435806,629162436216,Skipped,True,True,Record skipped - Status is 'Skipped' (only 'Mapped' records with Source='JSON' are processed)
284148709450,284148709450.1.svg,,question/Clone/284148709450/284148709450.1.svg,,E:/ContentMigrationPipelineOutput/Step4_OUTPUT/284148709450/tex/284148709450.1.svg,Database,917191419130,fr,916194089098,Mathématiques,934185068749,10,eg,894189435806,629162436216,Skipped,True,True,Record skipped - Status is 'Skipped' (only 'Mapped' records with Source='JSON' are processed)
284148709450,284148709450.1.svg,284148709450.01.svg,https://files-cds-chestnut-com.s3.amazonaws.com/question/Clone/284148709450/284148709450.1.svg,284148709450.01.svg,E:/ContentMigrationPipelineOutput/Step4_OUTPUT/284148709450/Updated/284148709450.01.svg,JSON,917191419130,fr,916194089098,Mathématiques,934185068749,10,eg,894189435806,629162436216,Success,True,True,
304146825376,304146825376.1.tex,,question/Clone/304146825376/tex/304146825376.1.tex,,E:/ContentMigrationPipelineOutput/Step4_OUTPUT/304146825376/tex/tex/304146825376.1.tex,Database,917180190168,pt,796174902818,Mathematics,424170340194,9,eg,809193816729,272138701040,Skipped,True,True,Record skipped - Status is 'Skipped' (only 'Mapped' records with Source='JSON' are processed)
304146825376,304146825376.1.svg,,question/Clone/304146825376/304146825376.1.svg,,E:/ContentMigrationPipelineOutput/Step4_OUTPUT/304146825376/tex/304146825376.1.svg,Database,917180190168,pt,796174902818,Mathematics,424170340194,9,eg,809193816729,272138701040,Skipped,True,True,Record skipped - Status is 'Skipped' (only 'Mapped' records with Source='JSON' are processed)
304146825376,809193816729.1.tex,,question/Clone/304146825376/809193816729.1.tex,,E:/ContentMigrationPipelineOutput/Step4_OUTPUT/304146825376/tex/809193816729.1.tex,Database,917180190168,pt,796174902818,Mathematics,424170340194,9,eg,809193816729,272138701040,Skipped,True,True,Record skipped - Status is 'Skipped' (only 'Mapped' records with Source='JSON' are processed)
304146825376,809193816729.1.1.tex,,question/Clone/304146825376/304146825376.figures/809193816729.1.1.tex,,E:/ContentMigrationPipelineOutput/Step4_OUTPUT/304146825376/tex/304146825376.figures/809193816729.1.1.tex,Database,917180190168,pt,796174902818,Mathematics,424170340194,9,eg,809193816729,272138701040,Skipped,True,True,Record skipped - Status is 'Skipped' (only 'Mapped' records with Source='JSON' are processed)
304146825376,304146825376.1.svg,304146825376.01.svg,https://files-cds-chestnut-com.s3.amazonaws.com/question/Clone/304146825376/304146825376.1.svg,304146825376.01.svg,E:/ContentMigrationPipelineOutput/Step4_OUTPUT/304146825376/Updated/304146825376.01.svg,JSON,917180190168,pt,796174902818,Mathematics,424170340194,9,eg,809193816729,272138701040,Success,True,True,
307167027216,307167027216.1.tex,,question/Clone/307167027216/tex/307167027216.1.tex,,E:/ContentMigrationPipelineOutput/Step4_OUTPUT/307167027216/tex/tex/307167027216.1.tex,Database,917180190168,pt,796174902818,Mathematics,424170340194,9,eg,838193492572,269180261705,Skipped,True,True,Record skipped - Status is 'Skipped' (only 'Mapped' records with Source='JSON' are processed)
307167027216,307167027216.1.svg,,question/Clone/307167027216/307167027216.1.svg,,E:/ContentMigrationPipelineOutput/Step4_OUTPUT/307167027216/tex/307167027216.1.svg,Database,917180190168,pt,796174902818,Mathematics,424170340194,9,eg,838193492572,269180261705,Skipped,True,True,Record skipped - Status is 'Skipped' (only 'Mapped' records with Source='JSON' are processed)
307167027216,838193492572.1.1.tex,,question/Clone/307167027216/307167027216.figures/838193492572.1.1.tex,,E:/ContentMigrationPipelineOutput/Step4_OUTPUT/307167027216/tex/307167027216.figures/838193492572.1.1.tex,Database,917180190168,pt,796174902818,Mathematics,424170340194,9,eg,838193492572,269180261705,Skipped,True,True,Record skipped - Status is 'Skipped' (only 'Mapped' records with Source='JSON' are processed)
307167027216,838193492572.1.tex,,question/Clone/307167027216/838193492572.1.tex,,E:/ContentMigrationPipelineOutput/Step4_OUTPUT/307167027216/tex/838193492572.1.tex,Database,917180190168,pt,796174902818,Mathematics,424170340194,9,eg,838193492572,269180261705,Skipped,True,True,Record skipped - Status is 'Skipped' (only 'Mapped' records with Source='JSON' are processed)
307167027216,307167027216.1.svg,307167027216.01.svg,https://files-cds-chestnut-com.s3.amazonaws.com/question/Clone/307167027216/307167027216.1.svg,307167027216.01.svg,E:/ContentMigrationPipelineOutput/Step4_OUTPUT/307167027216/Updated/307167027216.01.svg,JSON,917180190168,pt,796174902818,Mathematics,424170340194,9,eg,838193492572,269180261705,Success,True,True,
342134679382,342134679382.1.svg,,question/Clone/342134679382/342134679382.1.svg,,E:/ContentMigrationPipelineOutput/Step4_OUTPUT/342134679382/tex/342134679382.1.svg,Database,946129019079,pt,929137643561,Mathematics,206134038329,2,eg,674128047829,149167018972,Skipped,True,True,Record skipped - Status is 'Skipped' (only 'Mapped' records with Source='JSON' are processed)
342134679382,674128047829.1.tex,,question/Clone/342134679382/342134679382.figures/674128047829.1.tex,,E:/ContentMigrationPipelineOutput/Step4_OUTPUT/342134679382/tex/342134679382.figures/674128047829.1.tex,Database,946129019079,pt,929137643561,Mathematics,206134038329,2,eg,674128047829,149167018972,Skipped,True,True,Record skipped - Status is 'Skipped' (only 'Mapped' records with Source='JSON' are processed)
342134679382,342134679382.1.tex,,question/Clone/342134679382/tex/342134679382.1.tex,,E:/ContentMigrationPipelineOutput/Step4_OUTPUT/342134679382/tex/tex/342134679382.1.tex,Database,946129019079,pt,929137643561,Mathematics,206134038329,2,eg,674128047829,149167018972,Skipped,True,True,Record skipped - Status is 'Skipped' (only 'Mapped' records with Source='JSON' are processed)
342134679382,674128047829.1.tex,,question/Clone/342134679382/674128047829.1.tex,,E:/ContentMigrationPipelineOutput/Step4_OUTPUT/342134679382/tex/674128047829.1.tex,Database,946129019079,pt,929137643561,Mathematics,206134038329,2,eg,674128047829,149167018972,Skipped,True,True,Record skipped - Status is 'Skipped' (only 'Mapped' records with Source='JSON' are processed)
342134679382,342134679382.1.svg,342134679382.01.svg,https://files-cds-chestnut-com.s3.amazonaws.com/question/Clone/342134679382/342134679382.1.svg,342134679382.01.svg,E:/ContentMigrationPipelineOutput/Step4_OUTPUT/342134679382/Updated/342134679382.01.svg,JSON,946129019079,pt,929137643561,Mathematics,206134038329,2,eg,674128047829,149167018972,Success,True,True,
363102067906,363102067906.1.svg,,question/Clone/363102067906/363102067906.1.svg,,E:/ContentMigrationPipelineOutput/Step4_OUTPUT/363102067906/tex/363102067906.1.svg,Database,769101818624,ar,108185721980,الكيمياء,934185068749,10,eg,812169842632,604120935767,Skipped,True,True,Record skipped - Status is 'Skipped' (only 'Mapped' records with Source='JSON' are processed)
363102067906,363102067906.2.svg,,question/Clone/363102067906/363102067906.2.svg,,E:/ContentMigrationPipelineOutput/Step4_OUTPUT/363102067906/tex/363102067906.2.svg,Database,769101818624,ar,108185721980,الكيمياء,934185068749,10,eg,812169842632,604120935767,Skipped,True,True,Record skipped - Status is 'Skipped' (only 'Mapped' records with Source='JSON' are processed)
363102067906,812169842632.2.svg,,question/Clone/363102067906/tex/812169842632.2.svg,,E:/ContentMigrationPipelineOutput/Step4_OUTPUT/363102067906/tex/tex/812169842632.2.svg,Database,769101818624,ar,108185721980,الكيمياء,934185068749,10,eg,812169842632,604120935767,Skipped,True,True,Record skipped - Status is 'Skipped' (only 'Mapped' records with Source='JSON' are processed)
363102067906,363102067906.3.svg,,question/Clone/363102067906/363102067906.3.svg,,E:/ContentMigrationPipelineOutput/Step4_OUTPUT/363102067906/tex/363102067906.3.svg,Database,769101818624,ar,108185721980,الكيمياء,934185068749,10,eg,812169842632,604120935767,Skipped,True,True,Record skipped - Status is 'Skipped' (only 'Mapped' records with Source='JSON' are processed)
363102067906,812169842632.2.svg,,question/Clone/363102067906/812169842632.2.svg,,E:/ContentMigrationPipelineOutput/Step4_OUTPUT/363102067906/tex/812169842632.2.svg,Database,769101818624,ar,108185721980,الكيمياء,934185068749,10,eg,812169842632,604120935767,Skipped,True,True,Record skipped - Status is 'Skipped' (only 'Mapped' records with Source='JSON' are processed)
363102067906,812169842632.3.svg,,question/Clone/363102067906/812169842632.3.svg,,E:/ContentMigrationPipelineOutput/Step4_OUTPUT/363102067906/tex/812169842632.3.svg,Database,769101818624,ar,108185721980,الكيمياء,934185068749,10,eg,812169842632,604120935767,Skipped,True,True,Record skipped - Status is 'Skipped' (only 'Mapped' records with Source='JSON' are processed)
363102067906,363102067906.1.tex,,question/Clone/363102067906/tex/363102067906.1.tex,,E:/ContentMigrationPipelineOutput/Step4_OUTPUT/363102067906/tex/tex/363102067906.1.tex,Database,769101818624,ar,108185721980,الكيمياء,934185068749,10,eg,812169842632,604120935767,Skipped,True,True,Record skipped - Status is 'Skipped' (only 'Mapped' records with Source='JSON' are processed)
363102067906,812169842632.1.svg,,question/Clone/363102067906/tex/812169842632.1.svg,,E:/ContentMigrationPipelineOutput/Step4_OUTPUT/363102067906/tex/tex/812169842632.1.svg,Database,769101818624,ar,108185721980,الكيمياء,934185068749,10,eg,812169842632,604120935767,Skipped,True,True,Record skipped - Status is 'Skipped' (only 'Mapped' records with Source='JSON' are processed)
363102067906,812169842632.3.svg,,question/Clone/363102067906/tex/812169842632.3.svg,,E:/ContentMigrationPipelineOutput/Step4_OUTPUT/363102067906/tex/tex/812169842632.3.svg,Database,769101818624,ar,108185721980,الكيمياء,934185068749,10,eg,812169842632,604120935767,Skipped,True,True,Record skipped - Status is 'Skipped' (only 'Mapped' records with Source='JSON' are processed)
363102067906,812169842632.1.svg,,question/Clone/363102067906/812169842632.1.svg,,E:/ContentMigrationPipelineOutput/Step4_OUTPUT/363102067906/tex/812169842632.1.svg,Database,769101818624,ar,108185721980,الكيمياء,934185068749,10,eg,812169842632,604120935767,Skipped,True,True,Record skipped - Status is 'Skipped' (only 'Mapped' records with Source='JSON' are processed)
363102067906,363102067906.3.svg,363102067906.03.svg,https://files-cds-chestnut-com.s3.amazonaws.com/question/Clone/363102067906/363102067906.3.svg,363102067906.03.svg,E:/ContentMigrationPipelineOutput/Step4_OUTPUT/363102067906/Updated/363102067906.03.svg,JSON,769101818624,ar,108185721980,الكيمياء,934185068749,10,eg,812169842632,604120935767,Success,True,True,
363102067906,363102067906.1.svg,363102067906.02.svg,https://files-cds-chestnut-com.s3.amazonaws.com/question/Clone/363102067906/363102067906.1.svg,363102067906.02.svg,E:/ContentMigrationPipelineOutput/Step4_OUTPUT/363102067906/Updated/363102067906.02.svg,JSON,769101818624,ar,108185721980,الكيمياء,934185068749,10,eg,812169842632,604120935767,Success,True,True,
363102067906,363102067906.2.svg,363102067906.01.svg,https://files-cds-chestnut-com.s3.amazonaws.com/question/Clone/363102067906/363102067906.2.svg,363102067906.01.svg,E:/ContentMigrationPipelineOutput/Step4_OUTPUT/363102067906/Updated/363102067906.01.svg,JSON,769101818624,ar,108185721980,الكيمياء,934185068749,10,eg,812169842632,604120935767,Success,True,True,
364197356929,692140762180.1.tex,,question/Translation/364197356929/692140762180.1.tex,,E:/ContentMigrationPipelineOutput/Step4_OUTPUT/364197356929/tex/692140762180.1.tex,Database,148145632901,ar,629163908605,الرياضيات,753160982640,1,zz,692140762180,,Skipped,True,True,Record skipped - Status is 'Skipped' (only 'Mapped' records with Source='JSON' are processed)
364197356929,364197356929.1.tex,,question/Translation/364197356929/tex/364197356929.1.tex,,E:/ContentMigrationPipelineOutput/Step4_OUTPUT/364197356929/tex/tex/364197356929.1.tex,Database,148145632901,ar,629163908605,الرياضيات,753160982640,1,zz,692140762180,,Skipped,True,True,Record skipped - Status is 'Skipped' (only 'Mapped' records with Source='JSON' are processed)
364197356929,692140762180.1.tex,,question/Translation/364197356929/364197356929.figures/692140762180.1.tex,,E:/ContentMigrationPipelineOutput/Step4_OUTPUT/364197356929/tex/364197356929.figures/692140762180.1.tex,Database,148145632901,ar,629163908605,الرياضيات,753160982640,1,zz,692140762180,,Skipped,True,True,Record skipped - Status is 'Skipped' (only 'Mapped' records with Source='JSON' are processed)
364197356929,1.svg,364197356929.01.svg,https://images.nagwa.com/figures/364197356929/1.svg,364197356929.01.svg,E:/ContentMigrationPipelineOutput/Step4_OUTPUT/364197356929/Updated/364197356929.01.svg,JSON,148145632901,ar,629163908605,الرياضيات,753160982640,1,zz,692140762180,,Success,True,True,
378195038705,102101560845.1.tex,,question/Translation/378195038705/102101560845.1.tex,,E:/ContentMigrationPipelineOutput/Step4_OUTPUT/378195038705/tex/102101560845.1.tex,Database,182192034538,es,493140928097,Mathematics,612152797413,6,zz,102101560845,,Skipped,True,True,Record skipped - Status is 'Skipped' (only 'Mapped' records with Source='JSON' are processed)
378195038705,102101560845.1.1.tex,,question/Translation/378195038705/378195038705.figures/102101560845.1.1.tex,,E:/ContentMigrationPipelineOutput/Step4_OUTPUT/378195038705/tex/378195038705.figures/102101560845.1.1.tex,Database,182192034538,es,493140928097,Mathematics,612152797413,6,zz,102101560845,,Skipped,True,True,Record skipped - Status is 'Skipped' (only 'Mapped' records with Source='JSON' are processed)
378195038705,378195038705.1.tex,,question/Translation/378195038705/tex/378195038705.1.tex,,E:/ContentMigrationPipelineOutput/Step4_OUTPUT/378195038705/tex/tex/378195038705.1.tex,Database,182192034538,es,493140928097,Mathematics,612152797413,6,zz,102101560845,,Skipped,True,True,Record skipped - Status is 'Skipped' (only 'Mapped' records with Source='JSON' are processed)
378195038705,1.svg,378195038705.01.svg,https://images.nagwa.com/figures/378195038705/1.svg,378195038705.01.svg,E:/ContentMigrationPipelineOutput/Step4_OUTPUT/378195038705/Updated/378195038705.01.svg,JSON,182192034538,es,493140928097,Mathematics,612152797413,6,zz,102101560845,,Success,True,True,
418191508902,284151782012.1.tex,,question/Clone/418191508902/284151782012.1.tex,,E:/ContentMigrationPipelineOutput/Step4_OUTPUT/418191508902/tex/284151782012.1.tex,Database,946129019079,pt,929137643561,Mathematics,206134038329,2,eg,284151782012,714178145329,Skipped,True,True,Record skipped - Status is 'Skipped' (only 'Mapped' records with Source='JSON' are processed)
418191508902,284151782012.1.tex,,question/Clone/418191508902/418191508902.figures/284151782012.1.tex,,E:/ContentMigrationPipelineOutput/Step4_OUTPUT/418191508902/tex/418191508902.figures/284151782012.1.tex,Database,946129019079,pt,929137643561,Mathematics,206134038329,2,eg,284151782012,714178145329,Skipped,True,True,Record skipped - Status is 'Skipped' (only 'Mapped' records with Source='JSON' are processed)
418191508902,418191508902.1.svg,,question/Clone/418191508902/418191508902.1.svg,,E:/ContentMigrationPipelineOutput/Step4_OUTPUT/418191508902/tex/418191508902.1.svg,Database,946129019079,pt,929137643561,Mathematics,206134038329,2,eg,284151782012,714178145329,Skipped,True,True,Record skipped - Status is 'Skipped' (only 'Mapped' records with Source='JSON' are processed)
418191508902,418191508902.1.tex,,question/Clone/418191508902/tex/418191508902.1.tex,,E:/ContentMigrationPipelineOutput/Step4_OUTPUT/418191508902/tex/tex/418191508902.1.tex,Database,946129019079,pt,929137643561,Mathematics,206134038329,2,eg,284151782012,714178145329,Skipped,True,True,Record skipped - Status is 'Skipped' (only 'Mapped' records with Source='JSON' are processed)
418191508902,418191508902.1.svg,418191508902.01.svg,https://files-cds-chestnut-com.s3.amazonaws.com/question/Clone/418191508902/418191508902.1.svg,418191508902.01.svg,E:/ContentMigrationPipelineOutput/Step4_OUTPUT/418191508902/Updated/418191508902.01.svg,JSON,946129019079,pt,929137643561,Mathematics,206134038329,2,eg,284151782012,714178145329,Success,True,True,
425121493728,425121493728.1.tex,,question/Translation/425121493728//tex/425121493728.1.tex,,E:/ContentMigrationPipelineOutput/Step4_OUTPUT/425121493728/tex/tex/425121493728.1.tex,Database,698135858152,es,215181641502,Mathematics,195136132631,8,eg,492136862704,,Skipped,True,True,Record skipped - Status is 'Skipped' (only 'Mapped' records with Source='JSON' are processed)
434109527149,434109527149.1.svg,,question/Clone/434109527149/434109527149.1.svg,,E:/ContentMigrationPipelineOutput/Step4_OUTPUT/434109527149/tex/434109527149.1.svg,Database,854152430981,pt,796174902818,Mathematics,424170340194,9,eg,712162089131,970137102625,Skipped,True,True,Record skipped - Status is 'Skipped' (only 'Mapped' records with Source='JSON' are processed)
434109527149,712162089131.1.tex,,question/Clone/434109527149/434109527149.figures/712162089131.1.tex,,E:/ContentMigrationPipelineOutput/Step4_OUTPUT/434109527149/tex/434109527149.figures/712162089131.1.tex,Database,854152430981,pt,796174902818,Mathematics,424170340194,9,eg,712162089131,970137102625,Skipped,True,True,Record skipped - Status is 'Skipped' (only 'Mapped' records with Source='JSON' are processed)
434109527149,712162089131.1.tex,,question/Clone/434109527149/712162089131.1.tex,,E:/ContentMigrationPipelineOutput/Step4_OUTPUT/434109527149/tex/712162089131.1.tex,Database,854152430981,pt,796174902818,Mathematics,424170340194,9,eg,712162089131,970137102625,Skipped,True,True,Record skipped - Status is 'Skipped' (only 'Mapped' records with Source='JSON' are processed)
434109527149,434109527149.1.tex,,question/Clone/434109527149/tex/434109527149.1.tex,,E:/ContentMigrationPipelineOutput/Step4_OUTPUT/434109527149/tex/tex/434109527149.1.tex,Database,854152430981,pt,796174902818,Mathematics,424170340194,9,eg,712162089131,970137102625,Skipped,True,True,Record skipped - Status is 'Skipped' (only 'Mapped' records with Source='JSON' are processed)
434109527149,434109527149.1.svg,434109527149.01.svg,https://files-cds-chestnut-com.s3.amazonaws.com/question/Clone/434109527149/434109527149.1.svg,434109527149.01.svg,E:/ContentMigrationPipelineOutput/Step4_OUTPUT/434109527149/Updated/434109527149.01.svg,JSON,854152430981,pt,796174902818,Mathematics,424170340194,9,eg,712162089131,970137102625,Success,True,True,
434132129536,182193214874.1.1.tex,,question/Clone/434132129536/434132129536.figures/182193214874.1.1.tex,,E:/ContentMigrationPipelineOutput/Step4_OUTPUT/434132129536/tex/434132129536.figures/182193214874.1.1.tex,Database,917181292108,fr,107123209036,Mathématiques,424170340194,9,eg,182193214874,648140951617,Skipped,True,True,Record skipped - Status is 'Skipped' (only 'Mapped' records with Source='JSON' are processed)
434132129536,434132129536.1.svg,,question/Clone/434132129536/434132129536.1.svg,,E:/ContentMigrationPipelineOutput/Step4_OUTPUT/434132129536/tex/434132129536.1.svg,Database,917181292108,fr,107123209036,Mathématiques,424170340194,9,eg,182193214874,648140951617,Skipped,True,True,Record skipped - Status is 'Skipped' (only 'Mapped' records with Source='JSON' are processed)
434132129536,434132129536.1.tex,,question/Clone/434132129536/tex/434132129536.1.tex,,E:/ContentMigrationPipelineOutput/Step4_OUTPUT/434132129536/tex/tex/434132129536.1.tex,Database,917181292108,fr,107123209036,Mathématiques,424170340194,9,eg,182193214874,648140951617,Skipped,True,True,Record skipped - Status is 'Skipped' (only 'Mapped' records with Source='JSON' are processed)
434132129536,182193214874.1.tex,,question/Clone/434132129536/182193214874.1.tex,,E:/ContentMigrationPipelineOutput/Step4_OUTPUT/434132129536/tex/182193214874.1.tex,Database,917181292108,fr,107123209036,Mathématiques,424170340194,9,eg,182193214874,648140951617,Skipped,True,True,Record skipped - Status is 'Skipped' (only 'Mapped' records with Source='JSON' are processed)
434132129536,434132129536.1.svg,434132129536.01.svg,https://files-cds-chestnut-com.s3.amazonaws.com/question/Clone/434132129536/434132129536.1.svg,434132129536.01.svg,E:/ContentMigrationPipelineOutput/Step4_OUTPUT/434132129536/Updated/434132129536.01.svg,JSON,917181292108,fr,107123209036,Mathématiques,424170340194,9,eg,182193214874,648140951617,Success,True,True,
437185427604,328168478092.2.svg,,question/Clone/437185427604/328168478092.2.svg,,E:/ContentMigrationPipelineOutput/Step4_OUTPUT/437185427604/tex/328168478092.2.svg,Database,938197912174,pt,272104131931,Mathematics,923158968214,3,eg,328168478092,578160740178,Skipped,True,True,Record skipped - Status is 'Skipped' (only 'Mapped' records with Source='JSON' are processed)
437185427604,328168478092.1.tex,,question/Clone/437185427604/328168478092.1.tex,,E:/ContentMigrationPipelineOutput/Step4_OUTPUT/437185427604/tex/328168478092.1.tex,Database,938197912174,pt,272104131931,Mathematics,923158968214,3,eg,328168478092,578160740178,Skipped,True,True,Record skipped - Status is 'Skipped' (only 'Mapped' records with Source='JSON' are processed)
437185427604,328168478092.1.tex,,question/Clone/437185427604/437185427604.figures/328168478092.1.tex,,E:/ContentMigrationPipelineOutput/Step4_OUTPUT/437185427604/tex/437185427604.figures/328168478092.1.tex,Database,938197912174,pt,272104131931,Mathematics,923158968214,3,eg,328168478092,578160740178,Skipped,True,True,Record skipped - Status is 'Skipped' (only 'Mapped' records with Source='JSON' are processed)
437185427604,437185427604.1.svg,,question/Clone/437185427604/437185427604.1.svg,,E:/ContentMigrationPipelineOutput/Step4_OUTPUT/437185427604/tex/437185427604.1.svg,Database,938197912174,pt,272104131931,Mathematics,923158968214,3,eg,328168478092,578160740178,Skipped,True,True,Record skipped - Status is 'Skipped' (only 'Mapped' records with Source='JSON' are processed)
437185427604,437185427604.1.tex,,question/Clone/437185427604/tex/437185427604.1.tex,,E:/ContentMigrationPipelineOutput/Step4_OUTPUT/437185427604/tex/tex/437185427604.1.tex,Database,938197912174,pt,272104131931,Mathematics,923158968214,3,eg,328168478092,578160740178,Skipped,True,True,Record skipped - Status is 'Skipped' (only 'Mapped' records with Source='JSON' are processed)
437185427604,437185427604.1.svg,437185427604.01.svg,https://files-cds-chestnut-com.s3.amazonaws.com/question/Clone/437185427604/437185427604.1.svg,437185427604.01.svg,E:/ContentMigrationPipelineOutput/Step4_OUTPUT/437185427604/Updated/437185427604.01.svg,JSON,938197912174,pt,272104131931,Mathematics,923158968214,3,eg,328168478092,578160740178,Success,True,True,
457184975404,457184975404.1.tex,,question/Clone/457184975404/tex/457184975404.1.tex,,E:/ContentMigrationPipelineOutput/Step4_OUTPUT/457184975404/tex/tex/457184975404.1.tex,Database,917180190168,pt,796174902818,Mathematics,424170340194,9,eg,754145191895,269180261705,Skipped,True,True,Record skipped - Status is 'Skipped' (only 'Mapped' records with Source='JSON' are processed)
457184975404,754145191895.1.tex,,question/Clone/457184975404/754145191895.1.tex,,E:/ContentMigrationPipelineOutput/Step4_OUTPUT/457184975404/tex/754145191895.1.tex,Database,917180190168,pt,796174902818,Mathematics,424170340194,9,eg,754145191895,269180261705,Skipped,True,True,Record skipped - Status is 'Skipped' (only 'Mapped' records with Source='JSON' are processed)
457184975404,457184975404.1.svg,,question/Clone/457184975404/457184975404.1.svg,,E:/ContentMigrationPipelineOutput/Step4_OUTPUT/457184975404/tex/457184975404.1.svg,Database,917180190168,pt,796174902818,Mathematics,424170340194,9,eg,754145191895,269180261705,Skipped,True,True,Record skipped - Status is 'Skipped' (only 'Mapped' records with Source='JSON' are processed)
457184975404,754145191895.1.1.tex,,question/Clone/457184975404/457184975404.figures/754145191895.1.1.tex,,E:/ContentMigrationPipelineOutput/Step4_OUTPUT/457184975404/tex/457184975404.figures/754145191895.1.1.tex,Database,917180190168,pt,796174902818,Mathematics,424170340194,9,eg,754145191895,269180261705,Skipped,True,True,Record skipped - Status is 'Skipped' (only 'Mapped' records with Source='JSON' are processed)
457184975404,457184975404.1.svg,457184975404.01.svg,https://files-cds-chestnut-com.s3.amazonaws.com/question/Clone/457184975404/457184975404.1.svg,457184975404.01.svg,E:/ContentMigrationPipelineOutput/Step4_OUTPUT/457184975404/Updated/457184975404.01.svg,JSON,917180190168,pt,796174902818,Mathematics,424170340194,9,eg,754145191895,269180261705,Success,True,True,
482143686859,482143686859.1.tex,,question/Translation/482143686859//tex/482143686859.1.tex,,E:/ContentMigrationPipelineOutput/Step4_OUTPUT/482143686859/tex/tex/482143686859.1.tex,Database,907102452157,pt,436197672361,Mathematics,464173946403,7,eg,372191561439,,Skipped,True,True,Record skipped - Status is 'Skipped' (only 'Mapped' records with Source='JSON' are processed)
503185912476,460128731423.1.svg,,question/Clone/503185912476/460128731423.1.svg,,E:/ContentMigrationPipelineOutput/Step4_OUTPUT/503185912476/tex/460128731423.1.svg,Database,954157280848,ar,829135270943,الكيمياء,979180725863,12,eg,460128731423,926148747340,Skipped,True,True,Record skipped - Status is 'Skipped' (only 'Mapped' records with Source='JSON' are processed)
503185912476,503185912476.1.svg,,question/Clone/503185912476/503185912476.1.svg,,E:/ContentMigrationPipelineOutput/Step4_OUTPUT/503185912476/tex/503185912476.1.svg,Database,954157280848,ar,829135270943,الكيمياء,979180725863,12,eg,460128731423,926148747340,Skipped,True,True,Record skipped - Status is 'Skipped' (only 'Mapped' records with Source='JSON' are processed)
503185912476,460128731423.1.svg,,question/Clone/503185912476/tex/460128731423.1.svg,,E:/ContentMigrationPipelineOutput/Step4_OUTPUT/503185912476/tex/tex/460128731423.1.svg,Database,954157280848,ar,829135270943,الكيمياء,979180725863,12,eg,460128731423,926148747340,Skipped,True,True,Record skipped - Status is 'Skipped' (only 'Mapped' records with Source='JSON' are processed)
503185912476,503185912476.1.tex,,question/Clone/503185912476/tex/503185912476.1.tex,,E:/ContentMigrationPipelineOutput/Step4_OUTPUT/503185912476/tex/tex/503185912476.1.tex,Database,954157280848,ar,829135270943,الكيمياء,979180725863,12,eg,460128731423,926148747340,Skipped,True,True,Record skipped - Status is 'Skipped' (only 'Mapped' records with Source='JSON' are processed)
503185912476,503185912476.1.svg,503185912476.01.svg,https://files-cds-chestnut-com.s3.amazonaws.com/question/Clone/503185912476/503185912476.1.svg,503185912476.01.svg,E:/ContentMigrationPipelineOutput/Step4_OUTPUT/503185912476/Updated/503185912476.01.svg,JSON,954157280848,ar,829135270943,الكيمياء,979180725863,12,eg,460128731423,926148747340,Success,True,True,
575174502025,575174502025.1.svg,,question/Translation/575174502025/575174502025.1.svg,,E:/ContentMigrationPipelineOutput/Step4_OUTPUT/575174502025/tex/575174502025.1.svg,Database,182192809456,fr,429156043953,Mathematics,612152797413,6,zz,102101560845,,Skipped,True,True,Record skipped - Status is 'Skipped' (only 'Mapped' records with Source='JSON' are processed)
575174502025,102101560845.1.1.tex,,question/Translation/575174502025/575174502025.figures/102101560845.1.1.tex,,E:/ContentMigrationPipelineOutput/Step4_OUTPUT/575174502025/tex/575174502025.figures/102101560845.1.1.tex,Database,182192809456,fr,429156043953,Mathematics,612152797413,6,zz,102101560845,,Skipped,True,True,Record skipped - Status is 'Skipped' (only 'Mapped' records with Source='JSON' are processed)
575174502025,102101560845.1.tex,,question/Translation/575174502025/102101560845.1.tex,,E:/ContentMigrationPipelineOutput/Step4_OUTPUT/575174502025/tex/102101560845.1.tex,Database,182192809456,fr,429156043953,Mathematics,612152797413,6,zz,102101560845,,Skipped,True,True,Record skipped - Status is 'Skipped' (only 'Mapped' records with Source='JSON' are processed)
575174502025,575174502025.1.tex,,question/Translation/575174502025/tex/575174502025.1.tex,,E:/ContentMigrationPipelineOutput/Step4_OUTPUT/575174502025/tex/tex/575174502025.1.tex,Database,182192809456,fr,429156043953,Mathematics,612152797413,6,zz,102101560845,,Skipped,True,True,Record skipped - Status is 'Skipped' (only 'Mapped' records with Source='JSON' are processed)
575174502025,575174502025.1.svg,575174502025.01.svg,https://files-cds-chestnut-com.s3.amazonaws.com/question/Translation/575174502025/575174502025.1.svg,575174502025.01.svg,E:/ContentMigrationPipelineOutput/Step4_OUTPUT/575174502025/Updated/575174502025.01.svg,JSON,182192809456,fr,429156043953,Mathematics,612152797413,6,zz,102101560845,,Success,True,True,
598180962904,583101939827.1.tex,,question/Clone/598180962904/583101939827.1.tex,,E:/ContentMigrationPipelineOutput/Step4_OUTPUT/598180962904/tex/583101939827.1.tex,Database,917198349203,pt,635185607087,Mathematics,979180725863,12,eg,583101939827,870140465307,Skipped,True,True,Record skipped - Status is 'Skipped' (only 'Mapped' records with Source='JSON' are processed)
598180962904,598180962904.1.svg,,question/Clone/598180962904/598180962904.1.svg,,E:/ContentMigrationPipelineOutput/Step4_OUTPUT/598180962904/tex/598180962904.1.svg,Database,917198349203,pt,635185607087,Mathematics,979180725863,12,eg,583101939827,870140465307,Skipped,True,True,Record skipped - Status is 'Skipped' (only 'Mapped' records with Source='JSON' are processed)
598180962904,583101939827.1.1.tex,,question/Clone/598180962904/598180962904.figures/583101939827.1.1.tex,,E:/ContentMigrationPipelineOutput/Step4_OUTPUT/598180962904/tex/598180962904.figures/583101939827.1.1.tex,Database,917198349203,pt,635185607087,Mathematics,979180725863,12,eg,583101939827,870140465307,Skipped,True,True,Record skipped - Status is 'Skipped' (only 'Mapped' records with Source='JSON' are processed)
598180962904,598180962904.1.tex,,question/Clone/598180962904/tex/598180962904.1.tex,,E:/ContentMigrationPipelineOutput/Step4_OUTPUT/598180962904/tex/tex/598180962904.1.tex,Database,917198349203,pt,635185607087,Mathematics,979180725863,12,eg,583101939827,870140465307,Skipped,True,True,Record skipped - Status is 'Skipped' (only 'Mapped' records with Source='JSON' are processed)
598180962904,598180962904.1.svg,598180962904.01.svg,https://files-cds-chestnut-com.s3.amazonaws.com/question/Clone/598180962904/598180962904.1.svg,598180962904.01.svg,E:/ContentMigrationPipelineOutput/Step4_OUTPUT/598180962904/Updated/598180962904.01.svg,JSON,917198349203,pt,635185607087,Mathematics,979180725863,12,eg,583101939827,870140465307,Success,True,True,
613194510486,680151525178.1.tex,,question/Clone/613194510486/613194510486.figures/680151525178.1.tex,,E:/ContentMigrationPipelineOutput/Step4_OUTPUT/613194510486/tex/613194510486.figures/680151525178.1.tex,Database,917198349203,pt,635185607087,Mathematics,979180725863,12,eg,680151525178,485151097038,Skipped,True,True,Record skipped - Status is 'Skipped' (only 'Mapped' records with Source='JSON' are processed)
613194510486,613194510486.1.tex,,question/Clone/613194510486/tex/613194510486.1.tex,,E:/ContentMigrationPipelineOutput/Step4_OUTPUT/613194510486/tex/tex/613194510486.1.tex,Database,917198349203,pt,635185607087,Mathematics,979180725863,12,eg,680151525178,485151097038,Skipped,True,True,Record skipped - Status is 'Skipped' (only 'Mapped' records with Source='JSON' are processed)
613194510486,613194510486.1.svg,,question/Clone/613194510486/613194510486.1.svg,,E:/ContentMigrationPipelineOutput/Step4_OUTPUT/613194510486/tex/613194510486.1.svg,Database,917198349203,pt,635185607087,Mathematics,979180725863,12,eg,680151525178,485151097038,Skipped,True,True,Record skipped - Status is 'Skipped' (only 'Mapped' records with Source='JSON' are processed)
613194510486,680151525178.1.tex,,question/Clone/613194510486/680151525178.1.tex,,E:/ContentMigrationPipelineOutput/Step4_OUTPUT/613194510486/tex/680151525178.1.tex,Database,917198349203,pt,635185607087,Mathematics,979180725863,12,eg,680151525178,485151097038,Skipped,True,True,Record skipped - Status is 'Skipped' (only 'Mapped' records with Source='JSON' are processed)
613194510486,613194510486.1.svg,613194510486.01.svg,https://files-cds-chestnut-com.s3.amazonaws.com/question/Clone/613194510486/613194510486.1.svg,613194510486.01.svg,E:/ContentMigrationPipelineOutput/Step4_OUTPUT/613194510486/Updated/613194510486.01.svg,JSON,917198349203,pt,635185607087,Mathematics,979180725863,12,eg,680151525178,485151097038,Success,True,True,
676185135748,676185135748.3.svg,,question/Clone/676185135748/676185135748.3.svg,,E:/ContentMigrationPipelineOutput/Step4_OUTPUT/676185135748/tex/676185135748.3.svg,Database,769101818624,ar,108185721980,الكيمياء,934185068749,10,eg,830107469307,873147512091,Skipped,True,True,Record skipped - Status is 'Skipped' (only 'Mapped' records with Source='JSON' are processed)
676185135748,676185135748.4.svg,,question/Clone/676185135748/676185135748.4.svg,,E:/ContentMigrationPipelineOutput/Step4_OUTPUT/676185135748/tex/676185135748.4.svg,Database,769101818624,ar,108185721980,الكيمياء,934185068749,10,eg,830107469307,873147512091,Skipped,True,True,Record skipped - Status is 'Skipped' (only 'Mapped' records with Source='JSON' are processed)
676185135748,676185135748.5.svg,,question/Clone/676185135748/676185135748.5.svg,,E:/ContentMigrationPipelineOutput/Step4_OUTPUT/676185135748/tex/676185135748.5.svg,Database,769101818624,ar,108185721980,الكيمياء,934185068749,10,eg,830107469307,873147512091,Skipped,True,True,Record skipped - Status is 'Skipped' (only 'Mapped' records with Source='JSON' are processed)
676185135748,830107469307.2.svg,,question/Clone/676185135748/830107469307.2.svg,,E:/ContentMigrationPipelineOutput/Step4_OUTPUT/676185135748/tex/830107469307.2.svg,Database,769101818624,ar,108185721980,الكيمياء,934185068749,10,eg,830107469307,873147512091,Skipped,True,True,Record skipped - Status is 'Skipped' (only 'Mapped' records with Source='JSON' are processed)
676185135748,830107469307.2.svg,,question/Clone/676185135748/tex/830107469307.2.svg,,E:/ContentMigrationPipelineOutput/Step4_OUTPUT/676185135748/tex/tex/830107469307.2.svg,Database,769101818624,ar,108185721980,الكيمياء,934185068749,10,eg,830107469307,873147512091,Skipped,True,True,Record skipped - Status is 'Skipped' (only 'Mapped' records with Source='JSON' are processed)
676185135748,830107469307.3.svg,,question/Clone/676185135748/tex/830107469307.3.svg,,E:/ContentMigrationPipelineOutput/Step4_OUTPUT/676185135748/tex/tex/830107469307.3.svg,Database,769101818624,ar,108185721980,الكيمياء,934185068749,10,eg,830107469307,873147512091,Skipped,True,True,Record skipped - Status is 'Skipped' (only 'Mapped' records with Source='JSON' are processed)
676185135748,830107469307.4.svg,,question/Clone/676185135748/tex/830107469307.4.svg,,E:/ContentMigrationPipelineOutput/Step4_OUTPUT/676185135748/tex/tex/830107469307.4.svg,Database,769101818624,ar,108185721980,الكيمياء,934185068749,10,eg,830107469307,873147512091,Skipped,True,True,Record skipped - Status is 'Skipped' (only 'Mapped' records with Source='JSON' are processed)
676185135748,830107469307.5.svg,,question/Clone/676185135748/tex/830107469307.5.svg,,E:/ContentMigrationPipelineOutput/Step4_OUTPUT/676185135748/tex/tex/830107469307.5.svg,Database,769101818624,ar,108185721980,الكيمياء,934185068749,10,eg,830107469307,873147512091,Skipped,True,True,Record skipped - Status is 'Skipped' (only 'Mapped' records with Source='JSON' are processed)
676185135748,676185135748.1.svg,,question/Clone/676185135748/676185135748.1.svg,,E:/ContentMigrationPipelineOutput/Step4_OUTPUT/676185135748/tex/676185135748.1.svg,Database,769101818624,ar,108185721980,الكيمياء,934185068749,10,eg,830107469307,873147512091,Skipped,True,True,Record skipped - Status is 'Skipped' (only 'Mapped' records with Source='JSON' are processed)
676185135748,830107469307.1.svg,,question/Clone/676185135748/830107469307.1.svg,,E:/ContentMigrationPipelineOutput/Step4_OUTPUT/676185135748/tex/830107469307.1.svg,Database,769101818624,ar,108185721980,الكيمياء,934185068749,10,eg,830107469307,873147512091,Skipped,True,True,Record skipped - Status is 'Skipped' (only 'Mapped' records with Source='JSON' are processed)
676185135748,676185135748.2.svg,,question/Clone/676185135748/676185135748.2.svg,,E:/ContentMigrationPipelineOutput/Step4_OUTPUT/676185135748/tex/676185135748.2.svg,Database,769101818624,ar,108185721980,الكيمياء,934185068749,10,eg,830107469307,873147512091,Skipped,True,True,Record skipped - Status is 'Skipped' (only 'Mapped' records with Source='JSON' are processed)
676185135748,830107469307.3.svg,,question/Clone/676185135748/830107469307.3.svg,,E:/ContentMigrationPipelineOutput/Step4_OUTPUT/676185135748/tex/830107469307.3.svg,Database,769101818624,ar,108185721980,الكيمياء,934185068749,10,eg,830107469307,873147512091,Skipped,True,True,Record skipped - Status is 'Skipped' (only 'Mapped' records with Source='JSON' are processed)
676185135748,830107469307.4.svg,,question/Clone/676185135748/830107469307.4.svg,,E:/ContentMigrationPipelineOutput/Step4_OUTPUT/676185135748/tex/830107469307.4.svg,Database,769101818624,ar,108185721980,الكيمياء,934185068749,10,eg,830107469307,873147512091,Skipped,True,True,Record skipped - Status is 'Skipped' (only 'Mapped' records with Source='JSON' are processed)
676185135748,830107469307.5.svg,,question/Clone/676185135748/830107469307.5.svg,,E:/ContentMigrationPipelineOutput/Step4_OUTPUT/676185135748/tex/830107469307.5.svg,Database,769101818624,ar,108185721980,الكيمياء,934185068749,10,eg,830107469307,873147512091,Skipped,True,True,Record skipped - Status is 'Skipped' (only 'Mapped' records with Source='JSON' are processed)
676185135748,676185135748.1.tex,,question/Clone/676185135748/tex/676185135748.1.tex,,E:/ContentMigrationPipelineOutput/Step4_OUTPUT/676185135748/tex/tex/676185135748.1.tex,Database,769101818624,ar,108185721980,الكيمياء,934185068749,10,eg,830107469307,873147512091,Skipped,True,True,Record skipped - Status is 'Skipped' (only 'Mapped' records with Source='JSON' are processed)
676185135748,830107469307.1.svg,,question/Clone/676185135748/tex/830107469307.1.svg,,E:/ContentMigrationPipelineOutput/Step4_OUTPUT/676185135748/tex/tex/830107469307.1.svg,Database,769101818624,ar,108185721980,الكيمياء,934185068749,10,eg,830107469307,873147512091,Skipped,True,True,Record skipped - Status is 'Skipped' (only 'Mapped' records with Source='JSON' are processed)
676185135748,676185135748.1.svg,676185135748.04.svg,https://files-cds-chestnut-com.s3.amazonaws.com/question/Clone/676185135748/676185135748.1.svg,676185135748.04.svg,E:/ContentMigrationPipelineOutput/Step4_OUTPUT/676185135748/Updated/676185135748.04.svg,JSON,769101818624,ar,108185721980,الكيمياء,934185068749,10,eg,830107469307,873147512091,Success,True,True,
676185135748,676185135748.2.svg,676185135748.03.svg,https://files-cds-chestnut-com.s3.amazonaws.com/question/Clone/676185135748/676185135748.2.svg,676185135748.03.svg,E:/ContentMigrationPipelineOutput/Step4_OUTPUT/676185135748/Updated/676185135748.03.svg,JSON,769101818624,ar,108185721980,الكيمياء,934185068749,10,eg,830107469307,873147512091,Success,True,True,
676185135748,676185135748.3.svg,676185135748.02.svg,https://files-cds-chestnut-com.s3.amazonaws.com/question/Clone/676185135748/676185135748.3.svg,676185135748.02.svg,E:/ContentMigrationPipelineOutput/Step4_OUTPUT/676185135748/Updated/676185135748.02.svg,JSON,769101818624,ar,108185721980,الكيمياء,934185068749,10,eg,830107469307,873147512091,Success,True,True,
676185135748,676185135748.4.svg,676185135748.01.svg,https://files-cds-chestnut-com.s3.amazonaws.com/question/Clone/676185135748/676185135748.4.svg,676185135748.01.svg,E:/ContentMigrationPipelineOutput/Step4_OUTPUT/676185135748/Updated/676185135748.01.svg,JSON,769101818624,ar,108185721980,الكيمياء,934185068749,10,eg,830107469307,873147512091,Success,True,True,
683108672808,319179292468.1.tex,,question/Clone/683108672808/319179292468.1.tex,,E:/ContentMigrationPipelineOutput/Step4_OUTPUT/683108672808/tex/319179292468.1.tex,Database,917181292108,fr,107123209036,Mathématiques,424170340194,9,eg,319179292468,127159838394,Skipped,True,True,Record skipped - Status is 'Skipped' (only 'Mapped' records with Source='JSON' are processed)
683108672808,319179292468.1.1.tex,,question/Clone/683108672808/683108672808.figures/319179292468.1.1.tex,,E:/ContentMigrationPipelineOutput/Step4_OUTPUT/683108672808/tex/683108672808.figures/319179292468.1.1.tex,Database,917181292108,fr,107123209036,Mathématiques,424170340194,9,eg,319179292468,127159838394,Skipped,True,True,Record skipped - Status is 'Skipped' (only 'Mapped' records with Source='JSON' are processed)
683108672808,683108672808.1.tex,,question/Clone/683108672808/tex/683108672808.1.tex,,E:/ContentMigrationPipelineOutput/Step4_OUTPUT/683108672808/tex/tex/683108672808.1.tex,Database,917181292108,fr,107123209036,Mathématiques,424170340194,9,eg,319179292468,127159838394,Skipped,True,True,Record skipped - Status is 'Skipped' (only 'Mapped' records with Source='JSON' are processed)
683108672808,683108672808.1.svg,,question/Clone/683108672808/683108672808.1.svg,,E:/ContentMigrationPipelineOutput/Step4_OUTPUT/683108672808/tex/683108672808.1.svg,Database,917181292108,fr,107123209036,Mathématiques,424170340194,9,eg,319179292468,127159838394,Skipped,True,True,Record skipped - Status is 'Skipped' (only 'Mapped' records with Source='JSON' are processed)
683108672808,683108672808.1.svg,683108672808.01.svg,https://files-cds-chestnut-com.s3.amazonaws.com/question/Clone/683108672808/683108672808.1.svg,683108672808.01.svg,E:/ContentMigrationPipelineOutput/Step4_OUTPUT/683108672808/Updated/683108672808.01.svg,JSON,917181292108,fr,107123209036,Mathématiques,424170340194,9,eg,319179292468,127159838394,Success,True,True,
692164087928,692164087928.1.svg,692164087928.01.svg,https://files-cds-chestnut-com.s3.amazonaws.com/question/Clone/692164087928/692164087928.1.svg,692164087928.01.svg,E:/ContentMigrationPipelineOutput/Step4_OUTPUT/692164087928/Updated/692164087928.01.svg,JSON,436170972865,pt,605197106901,Mathematics,747181064157,7,zz,878185726928,,Success,True,True,
697192840107,697192840107.1.svg,,question/Clone/697192840107/697192840107.1.svg,,E:/ContentMigrationPipelineOutput/Step4_OUTPUT/697192840107/tex/697192840107.1.svg,Database,917189021362,pt,986160321713,Mathematics,934185068749,10,eg,896104059419,906105245804,Skipped,True,True,Record skipped - Status is 'Skipped' (only 'Mapped' records with Source='JSON' are processed)
697192840107,896104059419.1.1.tex,,question/Clone/697192840107/697192840107.figures/896104059419.1.1.tex,,E:/ContentMigrationPipelineOutput/Step4_OUTPUT/697192840107/tex/697192840107.figures/896104059419.1.1.tex,Database,917189021362,pt,986160321713,Mathematics,934185068749,10,eg,896104059419,906105245804,Skipped,True,True,Record skipped - Status is 'Skipped' (only 'Mapped' records with Source='JSON' are processed)
697192840107,896104059419.1.tex,,question/Clone/697192840107/896104059419.1.tex,,E:/ContentMigrationPipelineOutput/Step4_OUTPUT/697192840107/tex/896104059419.1.tex,Database,917189021362,pt,986160321713,Mathematics,934185068749,10,eg,896104059419,906105245804,Skipped,True,True,Record skipped - Status is 'Skipped' (only 'Mapped' records with Source='JSON' are processed)
697192840107,697192840107.1.tex,,question/Clone/697192840107/tex/697192840107.1.tex,,E:/ContentMigrationPipelineOutput/Step4_OUTPUT/697192840107/tex/tex/697192840107.1.tex,Database,917189021362,pt,986160321713,Mathematics,934185068749,10,eg,896104059419,906105245804,Skipped,True,True,Record skipped - Status is 'Skipped' (only 'Mapped' records with Source='JSON' are processed)
697192840107,697192840107.1.svg,697192840107.01.svg,https://files-cds-chestnut-com.s3.amazonaws.com/question/Clone/697192840107/697192840107.1.svg,697192840107.01.svg,E:/ContentMigrationPipelineOutput/Step4_OUTPUT/697192840107/Updated/697192840107.01.svg,JSON,917189021362,pt,986160321713,Mathematics,934185068749,10,eg,896104059419,906105245804,Success,True,True,
726149410963,647135142457.1.tex,,question/Clone/726149410963/647135142457.1.tex,,E:/ContentMigrationPipelineOutput/Step4_OUTPUT/726149410963/tex/647135142457.1.tex,Database,938197912174,pt,272104131931,Mathematics,923158968214,3,eg,647135142457,739108482010,Skipped,True,True,Record skipped - Status is 'Skipped' (only 'Mapped' records with Source='JSON' are processed)
726149410963,726149410963.1.tex,,question/Clone/726149410963/tex/726149410963.1.tex,,E:/ContentMigrationPipelineOutput/Step4_OUTPUT/726149410963/tex/tex/726149410963.1.tex,Database,938197912174,pt,272104131931,Mathematics,923158968214,3,eg,647135142457,739108482010,Skipped,True,True,Record skipped - Status is 'Skipped' (only 'Mapped' records with Source='JSON' are processed)
726149410963,726149410963.1.svg,,question/Clone/726149410963/726149410963.1.svg,,E:/ContentMigrationPipelineOutput/Step4_OUTPUT/726149410963/tex/726149410963.1.svg,Database,938197912174,pt,272104131931,Mathematics,923158968214,3,eg,647135142457,739108482010,Skipped,True,True,Record skipped - Status is 'Skipped' (only 'Mapped' records with Source='JSON' are processed)
726149410963,726149410963.4.svg,,question/Clone/726149410963/726149410963.4.svg,,E:/ContentMigrationPipelineOutput/Step4_OUTPUT/726149410963/tex/726149410963.4.svg,Database,938197912174,pt,272104131931,Mathematics,923158968214,3,eg,647135142457,739108482010,Skipped,True,True,Record skipped - Status is 'Skipped' (only 'Mapped' records with Source='JSON' are processed)
726149410963,726149410963.5.svg,,question/Clone/726149410963/726149410963.5.svg,,E:/ContentMigrationPipelineOutput/Step4_OUTPUT/726149410963/tex/726149410963.5.svg,Database,938197912174,pt,272104131931,Mathematics,923158968214,3,eg,647135142457,739108482010,Skipped,True,True,Record skipped - Status is 'Skipped' (only 'Mapped' records with Source='JSON' are processed)
726149410963,647135142457.1.tex,,question/Clone/726149410963/726149410963.figures/647135142457.1.tex,,E:/ContentMigrationPipelineOutput/Step4_OUTPUT/726149410963/tex/726149410963.figures/647135142457.1.tex,Database,938197912174,pt,272104131931,Mathematics,923158968214,3,eg,647135142457,739108482010,Skipped,True,True,Record skipped - Status is 'Skipped' (only 'Mapped' records with Source='JSON' are processed)
726149410963,726149410963.2.svg,,question/Clone/726149410963/726149410963.2.svg,,E:/ContentMigrationPipelineOutput/Step4_OUTPUT/726149410963/tex/726149410963.2.svg,Database,938197912174,pt,272104131931,Mathematics,923158968214,3,eg,647135142457,739108482010,Skipped,True,True,Record skipped - Status is 'Skipped' (only 'Mapped' records with Source='JSON' are processed)
726149410963,726149410963.3.svg,,question/Clone/726149410963/726149410963.3.svg,,E:/ContentMigrationPipelineOutput/Step4_OUTPUT/726149410963/tex/726149410963.3.svg,Database,938197912174,pt,272104131931,Mathematics,923158968214,3,eg,647135142457,739108482010,Skipped,True,True,Record skipped - Status is 'Skipped' (only 'Mapped' records with Source='JSON' are processed)
726149410963,726149410963.1.svg,726149410963.05.svg,https://files-cds-chestnut-com.s3.amazonaws.com/question/Clone/726149410963/726149410963.1.svg,726149410963.05.svg,E:/ContentMigrationPipelineOutput/Step4_OUTPUT/726149410963/Updated/726149410963.05.svg,JSON,938197912174,pt,272104131931,Mathematics,923158968214,3,eg,647135142457,739108482010,Success,True,True,
726149410963,726149410963.3.svg,726149410963.04.svg,https://files-cds-chestnut-com.s3.amazonaws.com/question/Clone/726149410963/726149410963.3.svg,726149410963.04.svg,E:/ContentMigrationPipelineOutput/Step4_OUTPUT/726149410963/Updated/726149410963.04.svg,JSON,938197912174,pt,272104131931,Mathematics,923158968214,3,eg,647135142457,739108482010,Success,True,True,
726149410963,726149410963.2.svg,726149410963.03.svg,https://files-cds-chestnut-com.s3.amazonaws.com/question/Clone/726149410963/726149410963.2.svg,726149410963.03.svg,E:/ContentMigrationPipelineOutput/Step4_OUTPUT/726149410963/Updated/726149410963.03.svg,JSON,938197912174,pt,272104131931,Mathematics,923158968214,3,eg,647135142457,739108482010,Success,True,True,
726149410963,726149410963.4.svg,726149410963.02.svg,https://files-cds-chestnut-com.s3.amazonaws.com/question/Clone/726149410963/726149410963.4.svg,726149410963.02.svg,E:/ContentMigrationPipelineOutput/Step4_OUTPUT/726149410963/Updated/726149410963.02.svg,JSON,938197912174,pt,272104131931,Mathematics,923158968214,3,eg,647135142457,739108482010,Success,True,True,
726149410963,726149410963.5.svg,726149410963.01.svg,https://files-cds-chestnut-com.s3.amazonaws.com/question/Clone/726149410963/726149410963.5.svg,726149410963.01.svg,E:/ContentMigrationPipelineOutput/Step4_OUTPUT/726149410963/Updated/726149410963.01.svg,JSON,938197912174,pt,272104131931,Mathematics,923158968214,3,eg,647135142457,739108482010,Success,True,True,
732125808656,319179292468.1.tex,,question/Clone/732125808656/319179292468.1.tex,,E:/ContentMigrationPipelineOutput/Step4_OUTPUT/732125808656/tex/319179292468.1.tex,Database,917180190168,pt,796174902818,Mathematics,424170340194,9,eg,319179292468,547102632946,Skipped,True,True,Record skipped - Status is 'Skipped' (only 'Mapped' records with Source='JSON' are processed)
732125808656,732125808656.1.svg,,question/Clone/732125808656/732125808656.1.svg,,E:/ContentMigrationPipelineOutput/Step4_OUTPUT/732125808656/tex/732125808656.1.svg,Database,917180190168,pt,796174902818,Mathematics,424170340194,9,eg,319179292468,547102632946,Skipped,True,True,Record skipped - Status is 'Skipped' (only 'Mapped' records with Source='JSON' are processed)
732125808656,319179292468.1.1.tex,,question/Clone/732125808656/732125808656.figures/319179292468.1.1.tex,,E:/ContentMigrationPipelineOutput/Step4_OUTPUT/732125808656/tex/732125808656.figures/319179292468.1.1.tex,Database,917180190168,pt,796174902818,Mathematics,424170340194,9,eg,319179292468,547102632946,Skipped,True,True,Record skipped - Status is 'Skipped' (only 'Mapped' records with Source='JSON' are processed)
732125808656,732125808656.1.tex,,question/Clone/732125808656/tex/732125808656.1.tex,,E:/ContentMigrationPipelineOutput/Step4_OUTPUT/732125808656/tex/tex/732125808656.1.tex,Database,917180190168,pt,796174902818,Mathematics,424170340194,9,eg,319179292468,547102632946,Skipped,True,True,Record skipped - Status is 'Skipped' (only 'Mapped' records with Source='JSON' are processed)
732125808656,732125808656.1.svg,732125808656.01.svg,https://files-cds-chestnut-com.s3.amazonaws.com/question/Clone/732125808656/732125808656.1.svg,732125808656.01.svg,E:/ContentMigrationPipelineOutput/Step4_OUTPUT/732125808656/Updated/732125808656.01.svg,JSON,917180190168,pt,796174902818,Mathematics,424170340194,9,eg,319179292468,547102632946,Success,True,True,
732132161529,814150378713.1.1.tex,,question/Clone/732132161529/732132161529.figures/814150378713.1.1.tex,,E:/ContentMigrationPipelineOutput/Step4_OUTPUT/732132161529/tex/732132161529.figures/814150378713.1.1.tex,Database,917191419130,fr,916194089098,Mathématiques,934185068749,10,eg,814150378713,890193230712,Skipped,True,True,Record skipped - Status is 'Skipped' (only 'Mapped' records with Source='JSON' are processed)
732132161529,814150378713.1.tex,,question/Clone/732132161529/814150378713.1.tex,,E:/ContentMigrationPipelineOutput/Step4_OUTPUT/732132161529/tex/814150378713.1.tex,Database,917191419130,fr,916194089098,Mathématiques,934185068749,10,eg,814150378713,890193230712,Skipped,True,True,Record skipped - Status is 'Skipped' (only 'Mapped' records with Source='JSON' are processed)
732132161529,732132161529.1.tex,,question/Clone/732132161529/tex/732132161529.1.tex,,E:/ContentMigrationPipelineOutput/Step4_OUTPUT/732132161529/tex/tex/732132161529.1.tex,Database,917191419130,fr,916194089098,Mathématiques,934185068749,10,eg,814150378713,890193230712,Skipped,True,True,Record skipped - Status is 'Skipped' (only 'Mapped' records with Source='JSON' are processed)
732132161529,732132161529.1.svg,,question/Clone/732132161529/732132161529.1.svg,,E:/ContentMigrationPipelineOutput/Step4_OUTPUT/732132161529/tex/732132161529.1.svg,Database,917191419130,fr,916194089098,Mathématiques,934185068749,10,eg,814150378713,890193230712,Skipped,True,True,Record skipped - Status is 'Skipped' (only 'Mapped' records with Source='JSON' are processed)
732132161529,732132161529.1.svg,732132161529.01.svg,https://files-cds-chestnut-com.s3.amazonaws.com/question/Clone/732132161529/732132161529.1.svg,732132161529.01.svg,E:/ContentMigrationPipelineOutput/Step4_OUTPUT/732132161529/Updated/732132161529.01.svg,JSON,917191419130,fr,916194089098,Mathématiques,934185068749,10,eg,814150378713,890193230712,Success,True,True,
752160415080,265106268476.1.tex,,question/Clone/752160415080/265106268476.1.tex,,E:/ContentMigrationPipelineOutput/Step4_OUTPUT/752160415080/tex/265106268476.1.tex,Database,917181292108,fr,107123209036,Mathématiques,424170340194,9,eg,265106268476,349153105368,Skipped,True,True,Record skipped - Status is 'Skipped' (only 'Mapped' records with Source='JSON' are processed)
752160415080,752160415080.1.svg,,question/Clone/752160415080/752160415080.1.svg,,E:/ContentMigrationPipelineOutput/Step4_OUTPUT/752160415080/tex/752160415080.1.svg,Database,917181292108,fr,107123209036,Mathématiques,424170340194,9,eg,265106268476,349153105368,Skipped,True,True,Record skipped - Status is 'Skipped' (only 'Mapped' records with Source='JSON' are processed)
752160415080,752160415080.1.tex,,question/Clone/752160415080/tex/752160415080.1.tex,,E:/ContentMigrationPipelineOutput/Step4_OUTPUT/752160415080/tex/tex/752160415080.1.tex,Database,917181292108,fr,107123209036,Mathématiques,424170340194,9,eg,265106268476,349153105368,Skipped,True,True,Record skipped - Status is 'Skipped' (only 'Mapped' records with Source='JSON' are processed)
752160415080,265106268476.1.1.tex,,question/Clone/752160415080/752160415080.figures/265106268476.1.1.tex,,E:/ContentMigrationPipelineOutput/Step4_OUTPUT/752160415080/tex/752160415080.figures/265106268476.1.1.tex,Database,917181292108,fr,107123209036,Mathématiques,424170340194,9,eg,265106268476,349153105368,Skipped,True,True,Record skipped - Status is 'Skipped' (only 'Mapped' records with Source='JSON' are processed)
752160415080,752160415080.1.svg,752160415080.01.svg,https://files-cds-chestnut-com.s3.amazonaws.com/question/Clone/752160415080/752160415080.1.svg,752160415080.01.svg,E:/ContentMigrationPipelineOutput/Step4_OUTPUT/752160415080/Updated/752160415080.01.svg,JSON,917181292108,fr,107123209036,Mathématiques,424170340194,9,eg,265106268476,349153105368,Success,True,True,
753139701252,753139701252.5.svg,,question/Clone/753139701252/753139701252.5.svg,,E:/ContentMigrationPipelineOutput/Step4_OUTPUT/753139701252/tex/753139701252.5.svg,Database,917198752853,fr,464169569783,Mathématiques,979180725863,12,eg,815180629212,654171027350,Skipped,True,True,Record skipped - Status is 'Skipped' (only 'Mapped' records with Source='JSON' are processed)
753139701252,815180629212.1.tex,,question/Clone/753139701252/753139701252.figures/815180629212.1.tex,,E:/ContentMigrationPipelineOutput/Step4_OUTPUT/753139701252/tex/753139701252.figures/815180629212.1.tex,Database,917198752853,fr,464169569783,Mathématiques,979180725863,12,eg,815180629212,654171027350,Skipped,True,True,Record skipped - Status is 'Skipped' (only 'Mapped' records with Source='JSON' are processed)
753139701252,815180629212.1.tex,,question/Clone/753139701252/815180629212.1.tex,,E:/ContentMigrationPipelineOutput/Step4_OUTPUT/753139701252/tex/815180629212.1.tex,Database,917198752853,fr,464169569783,Mathématiques,979180725863,12,eg,815180629212,654171027350,Skipped,True,True,Record skipped - Status is 'Skipped' (only 'Mapped' records with Source='JSON' are processed)
753139701252,753139701252.3.svg,,question/Clone/753139701252/753139701252.3.svg,,E:/ContentMigrationPipelineOutput/Step4_OUTPUT/753139701252/tex/753139701252.3.svg,Database,917198752853,fr,464169569783,Mathématiques,979180725863,12,eg,815180629212,654171027350,Skipped,True,True,Record skipped - Status is 'Skipped' (only 'Mapped' records with Source='JSON' are processed)
753139701252,753139701252.1.tex,,question/Clone/753139701252/tex/753139701252.1.tex,,E:/ContentMigrationPipelineOutput/Step4_OUTPUT/753139701252/tex/tex/753139701252.1.tex,Database,917198752853,fr,464169569783,Mathématiques,979180725863,12,eg,815180629212,654171027350,Skipped,True,True,Record skipped - Status is 'Skipped' (only 'Mapped' records with Source='JSON' are processed)
753139701252,753139701252.1.svg,,question/Clone/753139701252/753139701252.1.svg,,E:/ContentMigrationPipelineOutput/Step4_OUTPUT/753139701252/tex/753139701252.1.svg,Database,917198752853,fr,464169569783,Mathématiques,979180725863,12,eg,815180629212,654171027350,Skipped,True,True,Record skipped - Status is 'Skipped' (only 'Mapped' records with Source='JSON' are processed)
753139701252,753139701252.2.svg,,question/Clone/753139701252/753139701252.2.svg,,E:/ContentMigrationPipelineOutput/Step4_OUTPUT/753139701252/tex/753139701252.2.svg,Database,917198752853,fr,464169569783,Mathématiques,979180725863,12,eg,815180629212,654171027350,Skipped,True,True,Record skipped - Status is 'Skipped' (only 'Mapped' records with Source='JSON' are processed)
753139701252,753139701252.4.svg,,question/Clone/753139701252/753139701252.4.svg,,E:/ContentMigrationPipelineOutput/Step4_OUTPUT/753139701252/tex/753139701252.4.svg,Database,917198752853,fr,464169569783,Mathématiques,979180725863,12,eg,815180629212,654171027350,Skipped,True,True,Record skipped - Status is 'Skipped' (only 'Mapped' records with Source='JSON' are processed)
753139701252,753139701252.1.svg,753139701252.04.svg,https://files-cds-chestnut-com.s3.amazonaws.com/question/Clone/753139701252/753139701252.1.svg,753139701252.04.svg,E:/ContentMigrationPipelineOutput/Step4_OUTPUT/753139701252/Updated/753139701252.04.svg,JSON,917198752853,fr,464169569783,Mathématiques,979180725863,12,eg,815180629212,654171027350,Success,True,True,
753139701252,753139701252.2.svg,753139701252.03.svg,https://files-cds-chestnut-com.s3.amazonaws.com/question/Clone/753139701252/753139701252.2.svg,753139701252.03.svg,E:/ContentMigrationPipelineOutput/Step4_OUTPUT/753139701252/Updated/753139701252.03.svg,JSON,917198752853,fr,464169569783,Mathématiques,979180725863,12,eg,815180629212,654171027350,Success,True,True,
753139701252,753139701252.4.svg,753139701252.02.svg,https://files-cds-chestnut-com.s3.amazonaws.com/question/Clone/753139701252/753139701252.4.svg,753139701252.02.svg,E:/ContentMigrationPipelineOutput/Step4_OUTPUT/753139701252/Updated/753139701252.02.svg,JSON,917198752853,fr,464169569783,Mathématiques,979180725863,12,eg,815180629212,654171027350,Success,True,True,
753139701252,753139701252.3.svg,753139701252.01.svg,https://files-cds-chestnut-com.s3.amazonaws.com/question/Clone/753139701252/753139701252.3.svg,753139701252.01.svg,E:/ContentMigrationPipelineOutput/Step4_OUTPUT/753139701252/Updated/753139701252.01.svg,JSON,917198752853,fr,464169569783,Mathématiques,979180725863,12,eg,815180629212,654171027350,Success,True,True,
758167194917,606149712045.1.1.tex,,question/Translation/758167194917/758167194917.figures/606149712045.1.1.tex,,E:/ContentMigrationPipelineOutput/Step4_OUTPUT/758167194917/tex/758167194917.figures/606149712045.1.1.tex,Database,867152120503,es,352174232873,Mathematics,979180725863,12,eg,606149712045,,Skipped,True,True,Record skipped - Status is 'Skipped' (only 'Mapped' records with Source='JSON' are processed)
758167194917,606149712045.1.3.tex,,question/Translation/758167194917/758167194917.figures/606149712045.1.3.tex,,E:/ContentMigrationPipelineOutput/Step4_OUTPUT/758167194917/tex/758167194917.figures/606149712045.1.3.tex,Database,867152120503,es,352174232873,Mathematics,979180725863,12,eg,606149712045,,Skipped,True,True,Record skipped - Status is 'Skipped' (only 'Mapped' records with Source='JSON' are processed)
758167194917,606149712045.1.5.tex,,question/Translation/758167194917/758167194917.figures/606149712045.1.5.tex,,E:/ContentMigrationPipelineOutput/Step4_OUTPUT/758167194917/tex/758167194917.figures/606149712045.1.5.tex,Database,867152120503,es,352174232873,Mathematics,979180725863,12,eg,606149712045,,Skipped,True,True,Record skipped - Status is 'Skipped' (only 'Mapped' records with Source='JSON' are processed)
758167194917,758167194917.1.tex,,question/Translation/758167194917/tex/758167194917.1.tex,,E:/ContentMigrationPipelineOutput/Step4_OUTPUT/758167194917/tex/tex/758167194917.1.tex,Database,867152120503,es,352174232873,Mathematics,979180725863,12,eg,606149712045,,Skipped,True,True,Record skipped - Status is 'Skipped' (only 'Mapped' records with Source='JSON' are processed)
758167194917,606149712045.1.tex,,question/Translation/758167194917/606149712045.1.tex,,E:/ContentMigrationPipelineOutput/Step4_OUTPUT/758167194917/tex/606149712045.1.tex,Database,867152120503,es,352174232873,Mathematics,979180725863,12,eg,606149712045,,Skipped,True,True,Record skipped - Status is 'Skipped' (only 'Mapped' records with Source='JSON' are processed)
758167194917,606149712045.1.2.tex,,question/Translation/758167194917/758167194917.figures/606149712045.1.2.tex,,E:/ContentMigrationPipelineOutput/Step4_OUTPUT/758167194917/tex/758167194917.figures/606149712045.1.2.tex,Database,867152120503,es,352174232873,Mathematics,979180725863,12,eg,606149712045,,Skipped,True,True,Record skipped - Status is 'Skipped' (only 'Mapped' records with Source='JSON' are processed)
758167194917,606149712045.1.4.tex,,question/Translation/758167194917/758167194917.figures/606149712045.1.4.tex,,E:/ContentMigrationPipelineOutput/Step4_OUTPUT/758167194917/tex/758167194917.figures/606149712045.1.4.tex,Database,867152120503,es,352174232873,Mathematics,979180725863,12,eg,606149712045,,Skipped,True,True,Record skipped - Status is 'Skipped' (only 'Mapped' records with Source='JSON' are processed)
758167194917,606149712045.1.6.tex,,question/Translation/758167194917/758167194917.figures/606149712045.1.6.tex,,E:/ContentMigrationPipelineOutput/Step4_OUTPUT/758167194917/tex/758167194917.figures/606149712045.1.6.tex,Database,867152120503,es,352174232873,Mathematics,979180725863,12,eg,606149712045,,Skipped,True,True,Record skipped - Status is 'Skipped' (only 'Mapped' records with Source='JSON' are processed)
758167194917,5.svg,758167194917.05.svg,https://images.nagwa.com/figures/758167194917/5.svg,758167194917.05.svg,E:/ContentMigrationPipelineOutput/Step4_OUTPUT/758167194917/Updated/758167194917.05.svg,JSON,867152120503,es,352174232873,Mathematics,979180725863,12,eg,606149712045,,Success,True,True,
758167194917,4.svg,758167194917.04.svg,https://images.nagwa.com/figures/758167194917/4.svg,758167194917.04.svg,E:/ContentMigrationPipelineOutput/Step4_OUTPUT/758167194917/Updated/758167194917.04.svg,JSON,867152120503,es,352174232873,Mathematics,979180725863,12,eg,606149712045,,Success,True,True,
758167194917,1.svg,758167194917.03.svg,https://images.nagwa.com/figures/758167194917/1.svg,758167194917.03.svg,E:/ContentMigrationPipelineOutput/Step4_OUTPUT/758167194917/Updated/758167194917.03.svg,JSON,867152120503,es,352174232873,Mathematics,979180725863,12,eg,606149712045,,Success,True,True,
758167194917,2.svg,758167194917.02.svg,https://images.nagwa.com/figures/758167194917/2.svg,758167194917.02.svg,E:/ContentMigrationPipelineOutput/Step4_OUTPUT/758167194917/Updated/758167194917.02.svg,JSON,867152120503,es,352174232873,Mathematics,979180725863,12,eg,606149712045,,Success,True,True,
758167194917,3.svg,758167194917.01.svg,https://images.nagwa.com/figures/758167194917/3.svg,758167194917.01.svg,E:/ContentMigrationPipelineOutput/Step4_OUTPUT/758167194917/Updated/758167194917.01.svg,JSON,867152120503,es,352174232873,Mathematics,979180725863,12,eg,606149712045,,Success,True,True,
814158535313,896104059419.1.tex,,question/Clone/814158535313/896104059419.1.tex,,E:/ContentMigrationPipelineOutput/Step4_OUTPUT/814158535313/tex/896104059419.1.tex,Database,917191419130,fr,916194089098,Mathématiques,934185068749,10,eg,896104059419,290160513671,Skipped,True,True,Record skipped - Status is 'Skipped' (only 'Mapped' records with Source='JSON' are processed)
814158535313,814158535313.1.svg,,question/Clone/814158535313/814158535313.1.svg,,E:/ContentMigrationPipelineOutput/Step4_OUTPUT/814158535313/tex/814158535313.1.svg,Database,917191419130,fr,916194089098,Mathématiques,934185068749,10,eg,896104059419,290160513671,Skipped,True,True,Record skipped - Status is 'Skipped' (only 'Mapped' records with Source='JSON' are processed)
814158535313,896104059419.1.1.tex,,question/Clone/814158535313/814158535313.figures/896104059419.1.1.tex,,E:/ContentMigrationPipelineOutput/Step4_OUTPUT/814158535313/tex/814158535313.figures/896104059419.1.1.tex,Database,917191419130,fr,916194089098,Mathématiques,934185068749,10,eg,896104059419,290160513671,Skipped,True,True,Record skipped - Status is 'Skipped' (only 'Mapped' records with Source='JSON' are processed)
814158535313,814158535313.1.tex,,question/Clone/814158535313/tex/814158535313.1.tex,,E:/ContentMigrationPipelineOutput/Step4_OUTPUT/814158535313/tex/tex/814158535313.1.tex,Database,917191419130,fr,916194089098,Mathématiques,934185068749,10,eg,896104059419,290160513671,Skipped,True,True,Record skipped - Status is 'Skipped' (only 'Mapped' records with Source='JSON' are processed)
814158535313,814158535313.1.svg,814158535313.01.svg,https://files-cds-chestnut-com.s3.amazonaws.com/question/Clone/814158535313/814158535313.1.svg,814158535313.01.svg,E:/ContentMigrationPipelineOutput/Step4_OUTPUT/814158535313/Updated/814158535313.01.svg,JSON,917191419130,fr,916194089098,Mathématiques,934185068749,10,eg,896104059419,290160513671,Success,True,True,
823105812829,613187323568.1.svg,,question/Clone/823105812829/tex/613187323568.1.svg,,E:/ContentMigrationPipelineOutput/Step4_OUTPUT/823105812829/tex/tex/613187323568.1.svg,Database,769101818624,ar,108185721980,الكيمياء,934185068749,10,eg,613187323568,379183583424,Skipped,True,True,Record skipped - Status is 'Skipped' (only 'Mapped' records with Source='JSON' are processed)
823105812829,613187323568.1.svg,,question/Clone/823105812829/613187323568.1.svg,,E:/ContentMigrationPipelineOutput/Step4_OUTPUT/823105812829/tex/613187323568.1.svg,Database,769101818624,ar,108185721980,الكيمياء,934185068749,10,eg,613187323568,379183583424,Skipped,True,True,Record skipped - Status is 'Skipped' (only 'Mapped' records with Source='JSON' are processed)
823105812829,823105812829.1.svg,,question/Clone/823105812829/823105812829.1.svg,,E:/ContentMigrationPipelineOutput/Step4_OUTPUT/823105812829/tex/823105812829.1.svg,Database,769101818624,ar,108185721980,الكيمياء,934185068749,10,eg,613187323568,379183583424,Skipped,True,True,Record skipped - Status is 'Skipped' (only 'Mapped' records with Source='JSON' are processed)
823105812829,823105812829.1.tex,,question/Clone/823105812829/tex/823105812829.1.tex,,E:/ContentMigrationPipelineOutput/Step4_OUTPUT/823105812829/tex/tex/823105812829.1.tex,Database,769101818624,ar,108185721980,الكيمياء,934185068749,10,eg,613187323568,379183583424,Skipped,True,True,Record skipped - Status is 'Skipped' (only 'Mapped' records with Source='JSON' are processed)
823105812829,823105812829.1.svg,823105812829.01.svg,https://files-cds-chestnut-com.s3.amazonaws.com/question/Clone/823105812829/823105812829.1.svg,823105812829.01.svg,E:/ContentMigrationPipelineOutput/Step4_OUTPUT/823105812829/Updated/823105812829.01.svg,JSON,769101818624,ar,108185721980,الكيمياء,934185068749,10,eg,613187323568,379183583424,Success,True,True,
823124746863,479153864293.1.tex,,question/Clone/823124746863/479153864293.1.tex,,E:/ContentMigrationPipelineOutput/Step4_OUTPUT/823124746863/tex/479153864293.1.tex,Database,917181292108,fr,107123209036,Mathématiques,424170340194,9,eg,479153864293,629162436216,Skipped,True,True,Record skipped - Status is 'Skipped' (only 'Mapped' records with Source='JSON' are processed)
823124746863,479153864293.1.1.tex,,question/Clone/823124746863/823124746863.figures/479153864293.1.1.tex,,E:/ContentMigrationPipelineOutput/Step4_OUTPUT/823124746863/tex/823124746863.figures/479153864293.1.1.tex,Database,917181292108,fr,107123209036,Mathématiques,424170340194,9,eg,479153864293,629162436216,Skipped,True,True,Record skipped - Status is 'Skipped' (only 'Mapped' records with Source='JSON' are processed)
823124746863,823124746863.1.svg,,question/Clone/823124746863/823124746863.1.svg,,E:/ContentMigrationPipelineOutput/Step4_OUTPUT/823124746863/tex/823124746863.1.svg,Database,917181292108,fr,107123209036,Mathématiques,424170340194,9,eg,479153864293,629162436216,Skipped,True,True,Record skipped - Status is 'Skipped' (only 'Mapped' records with Source='JSON' are processed)
823124746863,823124746863.1.tex,,question/Clone/823124746863/tex/823124746863.1.tex,,E:/ContentMigrationPipelineOutput/Step4_OUTPUT/823124746863/tex/tex/823124746863.1.tex,Database,917181292108,fr,107123209036,Mathématiques,424170340194,9,eg,479153864293,629162436216,Skipped,True,True,Record skipped - Status is 'Skipped' (only 'Mapped' records with Source='JSON' are processed)
823124746863,823124746863.1.svg,823124746863.01.svg,https://files-cds-chestnut-com.s3.amazonaws.com/question/Clone/823124746863/823124746863.1.svg,823124746863.01.svg,E:/ContentMigrationPipelineOutput/Step4_OUTPUT/823124746863/Updated/823124746863.01.svg,JSON,917181292108,fr,107123209036,Mathématiques,424170340194,9,eg,479153864293,629162436216,Success,True,True,
824105087346,824105087346.1.svg,,question/Clone/824105087346/824105087346.1.svg,,E:/ContentMigrationPipelineOutput/Step4_OUTPUT/824105087346/tex/824105087346.1.svg,Database,854152430981,pt,796174902818,Mathematics,424170340194,9,eg,913183869394,953107360562,Skipped,True,True,Record skipped - Status is 'Skipped' (only 'Mapped' records with Source='JSON' are processed)
824105087346,913183869394.1.tex,,question/Clone/824105087346/824105087346.figures/913183869394.1.tex,,E:/ContentMigrationPipelineOutput/Step4_OUTPUT/824105087346/tex/824105087346.figures/913183869394.1.tex,Database,854152430981,pt,796174902818,Mathematics,424170340194,9,eg,913183869394,953107360562,Skipped,True,True,Record skipped - Status is 'Skipped' (only 'Mapped' records with Source='JSON' are processed)
824105087346,824105087346.1.tex,,question/Clone/824105087346/tex/824105087346.1.tex,,E:/ContentMigrationPipelineOutput/Step4_OUTPUT/824105087346/tex/tex/824105087346.1.tex,Database,854152430981,pt,796174902818,Mathematics,424170340194,9,eg,913183869394,953107360562,Skipped,True,True,Record skipped - Status is 'Skipped' (only 'Mapped' records with Source='JSON' are processed)
824105087346,913183869394.1.tex,,question/Clone/824105087346/913183869394.1.tex,,E:/ContentMigrationPipelineOutput/Step4_OUTPUT/824105087346/tex/913183869394.1.tex,Database,854152430981,pt,796174902818,Mathematics,424170340194,9,eg,913183869394,953107360562,Skipped,True,True,Record skipped - Status is 'Skipped' (only 'Mapped' records with Source='JSON' are processed)
824105087346,824105087346.1.svg,824105087346.01.svg,https://files-cds-chestnut-com.s3.amazonaws.com/question/Clone/824105087346/824105087346.1.svg,824105087346.01.svg,E:/ContentMigrationPipelineOutput/Step4_OUTPUT/824105087346/Updated/824105087346.01.svg,JSON,854152430981,pt,796174902818,Mathematics,424170340194,9,eg,913183869394,953107360562,Success,True,True,
835138397498,835138397498.1.tex,,question/Translation/835138397498/tex/835138397498.1.tex,,E:/ContentMigrationPipelineOutput/Step4_OUTPUT/835138397498/tex/tex/835138397498.1.tex,Database,182185614687,ar,196192747520,الرياضيات,612152797413,6,zz,102101560845,,Skipped,True,True,Record skipped - Status is 'Skipped' (only 'Mapped' records with Source='JSON' are processed)
835138397498,102101560845.1.tex,,question/Translation/835138397498/102101560845.1.tex,,E:/ContentMigrationPipelineOutput/Step4_OUTPUT/835138397498/tex/102101560845.1.tex,Database,182185614687,ar,196192747520,الرياضيات,612152797413,6,zz,102101560845,,Skipped,True,True,Record skipped - Status is 'Skipped' (only 'Mapped' records with Source='JSON' are processed)
835138397498,102101560845.1.1.tex,,question/Translation/835138397498/835138397498.figures/102101560845.1.1.tex,,E:/ContentMigrationPipelineOutput/Step4_OUTPUT/835138397498/tex/835138397498.figures/102101560845.1.1.tex,Database,182185614687,ar,196192747520,الرياضيات,612152797413,6,zz,102101560845,,Skipped,True,True,Record skipped - Status is 'Skipped' (only 'Mapped' records with Source='JSON' are processed)
848137207904,495135682942.1.tex,,question/Clone/848137207904/495135682942.1.tex,,E:/ContentMigrationPipelineOutput/Step4_OUTPUT/848137207904/tex/495135682942.1.tex,Database,917180190168,pt,796174902818,Mathematics,424170340194,9,eg,495135682942,813173169850,Skipped,True,True,Record skipped - Status is 'Skipped' (only 'Mapped' records with Source='JSON' are processed)
848137207904,848137207904.1.svg,,question/Clone/848137207904/848137207904.1.svg,,E:/ContentMigrationPipelineOutput/Step4_OUTPUT/848137207904/tex/848137207904.1.svg,Database,917180190168,pt,796174902818,Mathematics,424170340194,9,eg,495135682942,813173169850,Skipped,True,True,Record skipped - Status is 'Skipped' (only 'Mapped' records with Source='JSON' are processed)
848137207904,495135682942.1.1.tex,,question/Clone/848137207904/848137207904.figures/495135682942.1.1.tex,,E:/ContentMigrationPipelineOutput/Step4_OUTPUT/848137207904/tex/848137207904.figures/495135682942.1.1.tex,Database,917180190168,pt,796174902818,Mathematics,424170340194,9,eg,495135682942,813173169850,Skipped,True,True,Record skipped - Status is 'Skipped' (only 'Mapped' records with Source='JSON' are processed)
848137207904,848137207904.1.tex,,question/Clone/848137207904/tex/848137207904.1.tex,,E:/ContentMigrationPipelineOutput/Step4_OUTPUT/848137207904/tex/tex/848137207904.1.tex,Database,917180190168,pt,796174902818,Mathematics,424170340194,9,eg,495135682942,813173169850,Skipped,True,True,Record skipped - Status is 'Skipped' (only 'Mapped' records with Source='JSON' are processed)
848137207904,848137207904.1.svg,848137207904.01.svg,https://files-cds-chestnut-com.s3.amazonaws.com/question/Clone/848137207904/848137207904.1.svg,848137207904.01.svg,E:/ContentMigrationPipelineOutput/Step4_OUTPUT/848137207904/Updated/848137207904.01.svg,JSON,917180190168,pt,796174902818,Mathematics,424170340194,9,eg,495135682942,813173169850,Success,True,True,
850134768476,265106268476.1.tex,,question/Clone/850134768476/265106268476.1.tex,,E:/ContentMigrationPipelineOutput/Step4_OUTPUT/850134768476/tex/265106268476.1.tex,Database,917180190168,pt,796174902818,Mathematics,424170340194,9,eg,265106268476,870140465307,Skipped,True,True,Record skipped - Status is 'Skipped' (only 'Mapped' records with Source='JSON' are processed)
850134768476,850134768476.1.svg,,question/Clone/850134768476/850134768476.1.svg,,E:/ContentMigrationPipelineOutput/Step4_OUTPUT/850134768476/tex/850134768476.1.svg,Database,917180190168,pt,796174902818,Mathematics,424170340194,9,eg,265106268476,870140465307,Skipped,True,True,Record skipped - Status is 'Skipped' (only 'Mapped' records with Source='JSON' are processed)
850134768476,265106268476.1.1.tex,,question/Clone/850134768476/850134768476.figures/265106268476.1.1.tex,,E:/ContentMigrationPipelineOutput/Step4_OUTPUT/850134768476/tex/850134768476.figures/265106268476.1.1.tex,Database,917180190168,pt,796174902818,Mathematics,424170340194,9,eg,265106268476,870140465307,Skipped,True,True,Record skipped - Status is 'Skipped' (only 'Mapped' records with Source='JSON' are processed)
850134768476,850134768476.1.tex,,question/Clone/850134768476/tex/850134768476.1.tex,,E:/ContentMigrationPipelineOutput/Step4_OUTPUT/850134768476/tex/tex/850134768476.1.tex,Database,917180190168,pt,796174902818,Mathematics,424170340194,9,eg,265106268476,870140465307,Skipped,True,True,Record skipped - Status is 'Skipped' (only 'Mapped' records with Source='JSON' are processed)
850134768476,850134768476.1.svg,850134768476.01.svg,https://files-cds-chestnut-com.s3.amazonaws.com/question/Clone/850134768476/850134768476.1.svg,850134768476.01.svg,E:/ContentMigrationPipelineOutput/Step4_OUTPUT/850134768476/Updated/850134768476.01.svg,JSON,917180190168,pt,796174902818,Mathematics,424170340194,9,eg,265106268476,870140465307,Success,True,True,
856104291293,856104291293.1.tex,,question/Translation/856104291293//tex/856104291293.1.tex,,E:/ContentMigrationPipelineOutput/Step4_OUTPUT/856104291293/tex/tex/856104291293.1.tex,Database,173180876750,pt,507192767485,Mathematics,612152797413,6,zz,919167498193,,Skipped,True,True,Record skipped - Status is 'Skipped' (only 'Mapped' records with Source='JSON' are processed)
875172693297,875172693297.1.svg,,question/Clone/875172693297/875172693297.1.svg,,E:/ContentMigrationPipelineOutput/Step4_OUTPUT/875172693297/tex/875172693297.1.svg,Database,917181292108,fr,107123209036,Mathématiques,424170340194,9,eg,754145191895,923128682418,Skipped,True,True,Record skipped - Status is 'Skipped' (only 'Mapped' records with Source='JSON' are processed)
875172693297,875172693297.1.tex,,question/Clone/875172693297/tex/875172693297.1.tex,,E:/ContentMigrationPipelineOutput/Step4_OUTPUT/875172693297/tex/tex/875172693297.1.tex,Database,917181292108,fr,107123209036,Mathématiques,424170340194,9,eg,754145191895,923128682418,Skipped,True,True,Record skipped - Status is 'Skipped' (only 'Mapped' records with Source='JSON' are processed)
875172693297,754145191895.1.tex,,question/Clone/875172693297/754145191895.1.tex,,E:/ContentMigrationPipelineOutput/Step4_OUTPUT/875172693297/tex/754145191895.1.tex,Database,917181292108,fr,107123209036,Mathématiques,424170340194,9,eg,754145191895,923128682418,Skipped,True,True,Record skipped - Status is 'Skipped' (only 'Mapped' records with Source='JSON' are processed)
875172693297,754145191895.1.1.tex,,question/Clone/875172693297/875172693297.figures/754145191895.1.1.tex,,E:/ContentMigrationPipelineOutput/Step4_OUTPUT/875172693297/tex/875172693297.figures/754145191895.1.1.tex,Database,917181292108,fr,107123209036,Mathématiques,424170340194,9,eg,754145191895,923128682418,Skipped,True,True,Record skipped - Status is 'Skipped' (only 'Mapped' records with Source='JSON' are processed)
875172693297,875172693297.1.svg,875172693297.01.svg,https://files-cds-chestnut-com.s3.amazonaws.com/question/Clone/875172693297/875172693297.1.svg,875172693297.01.svg,E:/ContentMigrationPipelineOutput/Step4_OUTPUT/875172693297/Updated/875172693297.01.svg,JSON,917181292108,fr,107123209036,Mathématiques,424170340194,9,eg,754145191895,923128682418,Success,True,True,
902139397164,627137167672.1.tex,,question/Clone/902139397164/627137167672.1.tex,,E:/ContentMigrationPipelineOutput/Step4_OUTPUT/902139397164/tex/627137167672.1.tex,Database,917198752853,fr,464169569783,Mathématiques,979180725863,12,eg,627137167672,654171027350,Skipped,True,True,Record skipped - Status is 'Skipped' (only 'Mapped' records with Source='JSON' are processed)
902139397164,902139397164.2.svg,,question/Clone/902139397164/902139397164.2.svg,,E:/ContentMigrationPipelineOutput/Step4_OUTPUT/902139397164/tex/902139397164.2.svg,Database,917198752853,fr,464169569783,Mathématiques,979180725863,12,eg,627137167672,654171027350,Skipped,True,True,Record skipped - Status is 'Skipped' (only 'Mapped' records with Source='JSON' are processed)
902139397164,902139397164.1.svg,,question/Clone/902139397164/902139397164.1.svg,,E:/ContentMigrationPipelineOutput/Step4_OUTPUT/902139397164/tex/902139397164.1.svg,Database,917198752853,fr,464169569783,Mathématiques,979180725863,12,eg,627137167672,654171027350,Skipped,True,True,Record skipped - Status is 'Skipped' (only 'Mapped' records with Source='JSON' are processed)
902139397164,627137167672.1.tex,,question/Clone/902139397164/902139397164.figures/627137167672.1.tex,,E:/ContentMigrationPipelineOutput/Step4_OUTPUT/902139397164/tex/902139397164.figures/627137167672.1.tex,Database,917198752853,fr,464169569783,Mathématiques,979180725863,12,eg,627137167672,654171027350,Skipped,True,True,Record skipped - Status is 'Skipped' (only 'Mapped' records with Source='JSON' are processed)
902139397164,902139397164.1.tex,,question/Clone/902139397164/tex/902139397164.1.tex,,E:/ContentMigrationPipelineOutput/Step4_OUTPUT/902139397164/tex/tex/902139397164.1.tex,Database,917198752853,fr,464169569783,Mathématiques,979180725863,12,eg,627137167672,654171027350,Skipped,True,True,Record skipped - Status is 'Skipped' (only 'Mapped' records with Source='JSON' are processed)
902139397164,902139397164.3.svg,,question/Clone/902139397164/902139397164.3.svg,,E:/ContentMigrationPipelineOutput/Step4_OUTPUT/902139397164/tex/902139397164.3.svg,Database,917198752853,fr,464169569783,Mathématiques,979180725863,12,eg,627137167672,654171027350,Skipped,True,True,Record skipped - Status is 'Skipped' (only 'Mapped' records with Source='JSON' are processed)
902139397164,902139397164.4.svg,,question/Clone/902139397164/902139397164.4.svg,,E:/ContentMigrationPipelineOutput/Step4_OUTPUT/902139397164/tex/902139397164.4.svg,Database,917198752853,fr,464169569783,Mathématiques,979180725863,12,eg,627137167672,654171027350,Skipped,True,True,Record skipped - Status is 'Skipped' (only 'Mapped' records with Source='JSON' are processed)
902139397164,902139397164.5.svg,,question/Clone/902139397164/902139397164.5.svg,,E:/ContentMigrationPipelineOutput/Step4_OUTPUT/902139397164/tex/902139397164.5.svg,Database,917198752853,fr,464169569783,Mathématiques,979180725863,12,eg,627137167672,654171027350,Skipped,True,True,Record skipped - Status is 'Skipped' (only 'Mapped' records with Source='JSON' are processed)
902139397164,902139397164.2.svg,902139397164.04.svg,https://files-cds-chestnut-com.s3.amazonaws.com/question/Clone/902139397164/902139397164.2.svg,902139397164.04.svg,E:/ContentMigrationPipelineOutput/Step4_OUTPUT/902139397164/Updated/902139397164.04.svg,JSON,917198752853,fr,464169569783,Mathématiques,979180725863,12,eg,627137167672,654171027350,Success,True,True,
902139397164,902139397164.4.svg,902139397164.03.svg,https://files-cds-chestnut-com.s3.amazonaws.com/question/Clone/902139397164/902139397164.4.svg,902139397164.03.svg,E:/ContentMigrationPipelineOutput/Step4_OUTPUT/902139397164/Updated/902139397164.03.svg,JSON,917198752853,fr,464169569783,Mathématiques,979180725863,12,eg,627137167672,654171027350,Success,True,True,
902139397164,902139397164.1.svg,902139397164.02.svg,https://files-cds-chestnut-com.s3.amazonaws.com/question/Clone/902139397164/902139397164.1.svg,902139397164.02.svg,E:/ContentMigrationPipelineOutput/Step4_OUTPUT/902139397164/Updated/902139397164.02.svg,JSON,917198752853,fr,464169569783,Mathématiques,979180725863,12,eg,627137167672,654171027350,Success,True,True,
902139397164,902139397164.3.svg,902139397164.01.svg,https://files-cds-chestnut-com.s3.amazonaws.com/question/Clone/902139397164/902139397164.3.svg,902139397164.01.svg,E:/ContentMigrationPipelineOutput/Step4_OUTPUT/902139397164/Updated/902139397164.01.svg,JSON,917198752853,fr,464169569783,Mathématiques,979180725863,12,eg,627137167672,654171027350,Success,True,True,
903164192480,123139253835.1.tex,,question/Clone/903164192480/123139253835.1.tex,,E:/ContentMigrationPipelineOutput/Step4_OUTPUT/903164192480/tex/123139253835.1.tex,Database,942160302463,fr,547104524271,Mathématiques,464173946403,7,eg,123139253835,127185720680,Skipped,True,True,Record skipped - Status is 'Skipped' (only 'Mapped' records with Source='JSON' are processed)
903164192480,903164192480.1.svg,,question/Clone/903164192480/903164192480.1.svg,,E:/ContentMigrationPipelineOutput/Step4_OUTPUT/903164192480/tex/903164192480.1.svg,Database,942160302463,fr,547104524271,Mathématiques,464173946403,7,eg,123139253835,127185720680,Skipped,True,True,Record skipped - Status is 'Skipped' (only 'Mapped' records with Source='JSON' are processed)
903164192480,123139253835.1.1.tex,,question/Clone/903164192480/903164192480.figures/123139253835.1.1.tex,,E:/ContentMigrationPipelineOutput/Step4_OUTPUT/903164192480/tex/903164192480.figures/123139253835.1.1.tex,Database,942160302463,fr,547104524271,Mathématiques,464173946403,7,eg,123139253835,127185720680,Skipped,True,True,Record skipped - Status is 'Skipped' (only 'Mapped' records with Source='JSON' are processed)
903164192480,903164192480.1.tex,,question/Clone/903164192480/tex/903164192480.1.tex,,E:/ContentMigrationPipelineOutput/Step4_OUTPUT/903164192480/tex/tex/903164192480.1.tex,Database,942160302463,fr,547104524271,Mathématiques,464173946403,7,eg,123139253835,127185720680,Skipped,True,True,Record skipped - Status is 'Skipped' (only 'Mapped' records with Source='JSON' are processed)
903164192480,903164192480.1.svg,903164192480.01.svg,https://files-cds-chestnut-com.s3.amazonaws.com/question/Clone/903164192480/903164192480.1.svg,903164192480.01.svg,E:/ContentMigrationPipelineOutput/Step4_OUTPUT/903164192480/Updated/903164192480.01.svg,JSON,942160302463,fr,547104524271,Mathématiques,464173946403,7,eg,123139253835,127185720680,Success,True,True,
908180472629,908180472629.1.svg,908180472629.01.svg,https://files-cds-chestnut-com.s3.amazonaws.com/question/Clone/908180472629/908180472629.1.svg,908180472629.01.svg,E:/ContentMigrationPipelineOutput/Step4_OUTPUT/908180472629/Updated/908180472629.01.svg,JSON,436169084952,fr,596139672187,Mathematics,747181064157,7,zz,878185726928,,Success,True,True,
908193510303,908193510303.1.svg,,question/Clone/908193510303/908193510303.1.svg,,E:/ContentMigrationPipelineOutput/Step4_OUTPUT/908193510303/tex/908193510303.1.svg,Database,917180190168,pt,796174902818,Mathematics,424170340194,9,eg,182193214874,695135308495,Skipped,True,True,Record skipped - Status is 'Skipped' (only 'Mapped' records with Source='JSON' are processed)
908193510303,182193214874.1.tex,,question/Clone/908193510303/182193214874.1.tex,,E:/ContentMigrationPipelineOutput/Step4_OUTPUT/908193510303/tex/182193214874.1.tex,Database,917180190168,pt,796174902818,Mathematics,424170340194,9,eg,182193214874,695135308495,Skipped,True,True,Record skipped - Status is 'Skipped' (only 'Mapped' records with Source='JSON' are processed)
908193510303,182193214874.1.1.tex,,question/Clone/908193510303/908193510303.figures/182193214874.1.1.tex,,E:/ContentMigrationPipelineOutput/Step4_OUTPUT/908193510303/tex/908193510303.figures/182193214874.1.1.tex,Database,917180190168,pt,796174902818,Mathematics,424170340194,9,eg,182193214874,695135308495,Skipped,True,True,Record skipped - Status is 'Skipped' (only 'Mapped' records with Source='JSON' are processed)
908193510303,908193510303.1.tex,,question/Clone/908193510303/tex/908193510303.1.tex,,E:/ContentMigrationPipelineOutput/Step4_OUTPUT/908193510303/tex/tex/908193510303.1.tex,Database,917180190168,pt,796174902818,Mathematics,424170340194,9,eg,182193214874,695135308495,Skipped,True,True,Record skipped - Status is 'Skipped' (only 'Mapped' records with Source='JSON' are processed)
908193510303,908193510303.1.svg,908193510303.01.svg,https://files-cds-chestnut-com.s3.amazonaws.com/question/Clone/908193510303/908193510303.1.svg,908193510303.01.svg,E:/ContentMigrationPipelineOutput/Step4_OUTPUT/908193510303/Updated/908193510303.01.svg,JSON,917180190168,pt,796174902818,Mathematics,424170340194,9,eg,182193214874,695135308495,Success,True,True,
913193504838,913193504838.1.svg,,question/Clone/913193504838/913193504838.1.svg,,E:/ContentMigrationPipelineOutput/Step4_OUTPUT/913193504838/tex/913193504838.1.svg,Database,917181292108,fr,107123209036,Mathématiques,424170340194,9,eg,838193492572,923128682418,Skipped,True,True,Record skipped - Status is 'Skipped' (only 'Mapped' records with Source='JSON' are processed)
913193504838,838193492572.1.tex,,question/Clone/913193504838/838193492572.1.tex,,E:/ContentMigrationPipelineOutput/Step4_OUTPUT/913193504838/tex/838193492572.1.tex,Database,917181292108,fr,107123209036,Mathématiques,424170340194,9,eg,838193492572,923128682418,Skipped,True,True,Record skipped - Status is 'Skipped' (only 'Mapped' records with Source='JSON' are processed)
913193504838,838193492572.1.1.tex,,question/Clone/913193504838/913193504838.figures/838193492572.1.1.tex,,E:/ContentMigrationPipelineOutput/Step4_OUTPUT/913193504838/tex/913193504838.figures/838193492572.1.1.tex,Database,917181292108,fr,107123209036,Mathématiques,424170340194,9,eg,838193492572,923128682418,Skipped,True,True,Record skipped - Status is 'Skipped' (only 'Mapped' records with Source='JSON' are processed)
913193504838,913193504838.1.tex,,question/Clone/913193504838/tex/913193504838.1.tex,,E:/ContentMigrationPipelineOutput/Step4_OUTPUT/913193504838/tex/tex/913193504838.1.tex,Database,917181292108,fr,107123209036,Mathématiques,424170340194,9,eg,838193492572,923128682418,Skipped,True,True,Record skipped - Status is 'Skipped' (only 'Mapped' records with Source='JSON' are processed)
913193504838,913193504838.1.svg,913193504838.01.svg,https://files-cds-chestnut-com.s3.amazonaws.com/question/Clone/913193504838/913193504838.1.svg,913193504838.01.svg,E:/ContentMigrationPipelineOutput/Step4_OUTPUT/913193504838/Updated/913193504838.01.svg,JSON,917181292108,fr,107123209036,Mathématiques,424170340194,9,eg,838193492572,923128682418,Success,True,True,
925106425634,925106425634.1.svg,925106425634.01.svg,https://files-cds-chestnut-com.s3.amazonaws.com/question/Clone/925106425634/925106425634.1.svg,925106425634.01.svg,E:/ContentMigrationPipelineOutput/Step4_OUTPUT/925106425634/Updated/925106425634.01.svg,JSON,436170972865,pt,605197106901,Mathematics,747181064157,7,zz,356182123108,,Success,True,True,
936131398542,535194791797.1.1.tex,,question/Clone/936131398542/936131398542.figures/535194791797.1.1.tex,,E:/ContentMigrationPipelineOutput/Step4_OUTPUT/936131398542/tex/936131398542.figures/535194791797.1.1.tex,Database,917180190168,pt,796174902818,Mathematics,424170340194,9,eg,535194791797,272138701040,Skipped,True,True,Record skipped - Status is 'Skipped' (only 'Mapped' records with Source='JSON' are processed)
936131398542,936131398542.1.tex,,question/Clone/936131398542/tex/936131398542.1.tex,,E:/ContentMigrationPipelineOutput/Step4_OUTPUT/936131398542/tex/tex/936131398542.1.tex,Database,917180190168,pt,796174902818,Mathematics,424170340194,9,eg,535194791797,272138701040,Skipped,True,True,Record skipped - Status is 'Skipped' (only 'Mapped' records with Source='JSON' are processed)
936131398542,535194791797.1.tex,,question/Clone/936131398542/535194791797.1.tex,,E:/ContentMigrationPipelineOutput/Step4_OUTPUT/936131398542/tex/535194791797.1.tex,Database,917180190168,pt,796174902818,Mathematics,424170340194,9,eg,535194791797,272138701040,Skipped,True,True,Record skipped - Status is 'Skipped' (only 'Mapped' records with Source='JSON' are processed)
936131398542,936131398542.1.svg,,question/Clone/936131398542/936131398542.1.svg,,E:/ContentMigrationPipelineOutput/Step4_OUTPUT/936131398542/tex/936131398542.1.svg,Database,917180190168,pt,796174902818,Mathematics,424170340194,9,eg,535194791797,272138701040,Skipped,True,True,Record skipped - Status is 'Skipped' (only 'Mapped' records with Source='JSON' are processed)
936131398542,936131398542.1.svg,936131398542.01.svg,https://files-cds-chestnut-com.s3.amazonaws.com/question/Clone/936131398542/936131398542.1.svg,936131398542.01.svg,E:/ContentMigrationPipelineOutput/Step4_OUTPUT/936131398542/Updated/936131398542.01.svg,JSON,917180190168,pt,796174902818,Mathematics,424170340194,9,eg,535194791797,272138701040,Success,True,True,
939180946174,939180946174.3.svg,,question/Clone/939180946174/939180946174.3.svg,,E:/ContentMigrationPipelineOutput/Step4_OUTPUT/939180946174/tex/939180946174.3.svg,Database,683128905713,es,570157275265,Mathematics,923158968214,3,eg,105161714325,497189530491,Skipped,True,True,Record skipped - Status is 'Skipped' (only 'Mapped' records with Source='JSON' are processed)
939180946174,939180946174.1.tex,,question/Clone/939180946174/tex/939180946174.1.tex,,E:/ContentMigrationPipelineOutput/Step4_OUTPUT/939180946174/tex/tex/939180946174.1.tex,Database,683128905713,es,570157275265,Mathematics,923158968214,3,eg,105161714325,497189530491,Skipped,True,True,Record skipped - Status is 'Skipped' (only 'Mapped' records with Source='JSON' are processed)
939180946174,1.svg,,question/Clone/939180946174/1.svg,,E:/ContentMigrationPipelineOutput/Step4_OUTPUT/939180946174/tex/1.svg,Database,683128905713,es,570157275265,Mathematics,923158968214,3,eg,105161714325,497189530491,Skipped,True,True,Record skipped - Status is 'Skipped' (only 'Mapped' records with Source='JSON' are processed)
939180946174,939180946174.2.svg,,question/Clone/939180946174/939180946174.2.svg,,E:/ContentMigrationPipelineOutput/Step4_OUTPUT/939180946174/tex/939180946174.2.svg,Database,683128905713,es,570157275265,Mathematics,923158968214,3,eg,105161714325,497189530491,Skipped,True,True,Record skipped - Status is 'Skipped' (only 'Mapped' records with Source='JSON' are processed)
939180946174,939180946174.4.svg,,question/Clone/939180946174/939180946174.4.svg,,E:/ContentMigrationPipelineOutput/Step4_OUTPUT/939180946174/tex/939180946174.4.svg,Database,683128905713,es,570157275265,Mathematics,923158968214,3,eg,105161714325,497189530491,Skipped,True,True,Record skipped - Status is 'Skipped' (only 'Mapped' records with Source='JSON' are processed)
939180946174,939180946174.3.svg,939180946174.04.svg,https://files-cds-chestnut-com.s3.amazonaws.com/question/Clone/939180946174/939180946174.3.svg,939180946174.04.svg,E:/ContentMigrationPipelineOutput/Step4_OUTPUT/939180946174/Updated/939180946174.04.svg,JSON,683128905713,es,570157275265,Mathematics,923158968214,3,eg,105161714325,497189530491,Success,True,True,
939180946174,939180946174.4.svg,939180946174.03.svg,https://files-cds-chestnut-com.s3.amazonaws.com/question/Clone/939180946174/939180946174.4.svg,939180946174.03.svg,E:/ContentMigrationPipelineOutput/Step4_OUTPUT/939180946174/Updated/939180946174.03.svg,JSON,683128905713,es,570157275265,Mathematics,923158968214,3,eg,105161714325,497189530491,Success,True,True,
939180946174,1.svg,939180946174.02.svg,https://images.nagwa.com/figures/497189530491/1.svg,939180946174.02.svg,E:/ContentMigrationPipelineOutput/Step4_OUTPUT/939180946174/Updated/939180946174.02.svg,JSON,683128905713,es,570157275265,Mathematics,923158968214,3,eg,105161714325,497189530491,Success,True,True,
939180946174,939180946174.2.svg,939180946174.01.svg,https://files-cds-chestnut-com.s3.amazonaws.com/question/Clone/939180946174/939180946174.2.svg,939180946174.01.svg,E:/ContentMigrationPipelineOutput/Step4_OUTPUT/939180946174/Updated/939180946174.01.svg,JSON,683128905713,es,570157275265,Mathematics,923158968214,3,eg,105161714325,497189530491,Success,True,True,
945153294383,945153294383.1.svg,,question/Clone/945153294383/945153294383.1.svg,,E:/ContentMigrationPipelineOutput/Step4_OUTPUT/945153294383/tex/945153294383.1.svg,Database,917181292108,fr,107123209036,Mathématiques,424170340194,9,eg,909176097482,264102029728,Skipped,True,True,Record skipped - Status is 'Skipped' (only 'Mapped' records with Source='JSON' are processed)
945153294383,909176097482.1.1.tex,,question/Clone/945153294383/945153294383.figures/909176097482.1.1.tex,,E:/ContentMigrationPipelineOutput/Step4_OUTPUT/945153294383/tex/945153294383.figures/909176097482.1.1.tex,Database,917181292108,fr,107123209036,Mathématiques,424170340194,9,eg,909176097482,264102029728,Skipped,True,True,Record skipped - Status is 'Skipped' (only 'Mapped' records with Source='JSON' are processed)
945153294383,909176097482.1.tex,,question/Clone/945153294383/909176097482.1.tex,,E:/ContentMigrationPipelineOutput/Step4_OUTPUT/945153294383/tex/909176097482.1.tex,Database,917181292108,fr,107123209036,Mathématiques,424170340194,9,eg,909176097482,264102029728,Skipped,True,True,Record skipped - Status is 'Skipped' (only 'Mapped' records with Source='JSON' are processed)
945153294383,945153294383.1.tex,,question/Clone/945153294383/tex/945153294383.1.tex,,E:/ContentMigrationPipelineOutput/Step4_OUTPUT/945153294383/tex/tex/945153294383.1.tex,Database,917181292108,fr,107123209036,Mathématiques,424170340194,9,eg,909176097482,264102029728,Skipped,True,True,Record skipped - Status is 'Skipped' (only 'Mapped' records with Source='JSON' are processed)
945153294383,945153294383.1.svg,945153294383.01.svg,https://files-cds-chestnut-com.s3.amazonaws.com/question/Clone/945153294383/945153294383.1.svg,945153294383.01.svg,E:/ContentMigrationPipelineOutput/Step4_OUTPUT/945153294383/Updated/945153294383.01.svg,JSON,917181292108,fr,107123209036,Mathématiques,424170340194,9,eg,909176097482,264102029728,Success,True,True,
949132586279,974189136010.1.1.tex,,question/Clone/949132586279/949132586279.figures/974189136010.1.1.tex,,E:/ContentMigrationPipelineOutput/Step4_OUTPUT/949132586279/tex/949132586279.figures/974189136010.1.1.tex,Database,917180190168,pt,796174902818,Mathematics,424170340194,9,eg,974189136010,813173169850,Skipped,True,True,Record skipped - Status is 'Skipped' (only 'Mapped' records with Source='JSON' are processed)
949132586279,974189136010.1.tex,,question/Clone/949132586279/974189136010.1.tex,,E:/ContentMigrationPipelineOutput/Step4_OUTPUT/949132586279/tex/974189136010.1.tex,Database,917180190168,pt,796174902818,Mathematics,424170340194,9,eg,974189136010,813173169850,Skipped,True,True,Record skipped - Status is 'Skipped' (only 'Mapped' records with Source='JSON' are processed)
949132586279,949132586279.1.svg,,question/Clone/949132586279/949132586279.1.svg,,E:/ContentMigrationPipelineOutput/Step4_OUTPUT/949132586279/tex/949132586279.1.svg,Database,917180190168,pt,796174902818,Mathematics,424170340194,9,eg,974189136010,813173169850,Skipped,True,True,Record skipped - Status is 'Skipped' (only 'Mapped' records with Source='JSON' are processed)
949132586279,949132586279.1.tex,,question/Clone/949132586279/tex/949132586279.1.tex,,E:/ContentMigrationPipelineOutput/Step4_OUTPUT/949132586279/tex/tex/949132586279.1.tex,Database,917180190168,pt,796174902818,Mathematics,424170340194,9,eg,974189136010,813173169850,Skipped,True,True,Record skipped - Status is 'Skipped' (only 'Mapped' records with Source='JSON' are processed)
949132586279,949132586279.1.svg,949132586279.01.svg,https://files-cds-chestnut-com.s3.amazonaws.com/question/Clone/949132586279/949132586279.1.svg,949132586279.01.svg,E:/ContentMigrationPipelineOutput/Step4_OUTPUT/949132586279/Updated/949132586279.01.svg,JSON,917180190168,pt,796174902818,Mathematics,424170340194,9,eg,974189136010,813173169850,Success,True,True,
950150579607,909176097482.1.tex,,question/Clone/950150579607/909176097482.1.tex,,E:/ContentMigrationPipelineOutput/Step4_OUTPUT/950150579607/tex/909176097482.1.tex,Database,917180190168,pt,796174902818,Mathematics,424170340194,9,eg,909176097482,628187970961,Skipped,True,True,Record skipped - Status is 'Skipped' (only 'Mapped' records with Source='JSON' are processed)
950150579607,950150579607.1.svg,,question/Clone/950150579607/950150579607.1.svg,,E:/ContentMigrationPipelineOutput/Step4_OUTPUT/950150579607/tex/950150579607.1.svg,Database,917180190168,pt,796174902818,Mathematics,424170340194,9,eg,909176097482,628187970961,Skipped,True,True,Record skipped - Status is 'Skipped' (only 'Mapped' records with Source='JSON' are processed)
950150579607,909176097482.1.1.tex,,question/Clone/950150579607/950150579607.figures/909176097482.1.1.tex,,E:/ContentMigrationPipelineOutput/Step4_OUTPUT/950150579607/tex/950150579607.figures/909176097482.1.1.tex,Database,917180190168,pt,796174902818,Mathematics,424170340194,9,eg,909176097482,628187970961,Skipped,True,True,Record skipped - Status is 'Skipped' (only 'Mapped' records with Source='JSON' are processed)
950150579607,950150579607.1.tex,,question/Clone/950150579607/tex/950150579607.1.tex,,E:/ContentMigrationPipelineOutput/Step4_OUTPUT/950150579607/tex/tex/950150579607.1.tex,Database,917180190168,pt,796174902818,Mathematics,424170340194,9,eg,909176097482,628187970961,Skipped,True,True,Record skipped - Status is 'Skipped' (only 'Mapped' records with Source='JSON' are processed)
950150579607,950150579607.1.svg,950150579607.01.svg,https://files-cds-chestnut-com.s3.amazonaws.com/question/Clone/950150579607/950150579607.1.svg,950150579607.01.svg,E:/ContentMigrationPipelineOutput/Step4_OUTPUT/950150579607/Updated/950150579607.01.svg,JSON,917180190168,pt,796174902818,Mathematics,424170340194,9,eg,909176097482,628187970961,Success,True,True,
975124503470,713140309578.1.tex,,question/Clone/975124503470/713140309578.1.tex,,E:/ContentMigrationPipelineOutput/Step4_OUTPUT/975124503470/tex/713140309578.1.tex,Database,917198349203,pt,635185607087,Mathematics,979180725863,12,eg,713140309578,485151097038,Skipped,True,True,Record skipped - Status is 'Skipped' (only 'Mapped' records with Source='JSON' are processed)
975124503470,975124503470.1.tex,,question/Clone/975124503470/tex/975124503470.1.tex,,E:/ContentMigrationPipelineOutput/Step4_OUTPUT/975124503470/tex/tex/975124503470.1.tex,Database,917198349203,pt,635185607087,Mathematics,979180725863,12,eg,713140309578,485151097038,Skipped,True,True,Record skipped - Status is 'Skipped' (only 'Mapped' records with Source='JSON' are processed)
975124503470,975124503470.1.svg,,question/Clone/975124503470/975124503470.1.svg,,E:/ContentMigrationPipelineOutput/Step4_OUTPUT/975124503470/tex/975124503470.1.svg,Database,917198349203,pt,635185607087,Mathematics,979180725863,12,eg,713140309578,485151097038,Skipped,True,True,Record skipped - Status is 'Skipped' (only 'Mapped' records with Source='JSON' are processed)
975124503470,713140309578.1.tex,,question/Clone/975124503470/975124503470.figures/713140309578.1.tex,,E:/ContentMigrationPipelineOutput/Step4_OUTPUT/975124503470/tex/975124503470.figures/713140309578.1.tex,Database,917198349203,pt,635185607087,Mathematics,979180725863,12,eg,713140309578,485151097038,Skipped,True,True,Record skipped - Status is 'Skipped' (only 'Mapped' records with Source='JSON' are processed)
975124503470,975124503470.1.svg,975124503470.01.svg,https://files-cds-chestnut-com.s3.amazonaws.com/question/Clone/975124503470/975124503470.1.svg,975124503470.01.svg,E:/ContentMigrationPipelineOutput/Step4_OUTPUT/975124503470/Updated/975124503470.01.svg,JSON,917198349203,pt,635185607087,Mathematics,979180725863,12,eg,713140309578,485151097038,Success,True,True,
989105615713,492192430258.1.tex,,question/Translation/989105615713//492192430258.1.tex,,E:/ContentMigrationPipelineOutput/Step4_OUTPUT/989105615713/tex/492192430258.1.tex,Database,812195863739,es,453176392827,Mathematics,424170340194,9,eg,492192430258,,Skipped,True,True,Record skipped - Status is 'Skipped' (only 'Mapped' records with Source='JSON' are processed)
989105615713,492192430258.1.1.tex,,question/Translation/989105615713//989105615713.figures/492192430258.1.1.tex,,E:/ContentMigrationPipelineOutput/Step4_OUTPUT/989105615713/tex/989105615713.figures/492192430258.1.1.tex,Database,812195863739,es,453176392827,Mathematics,424170340194,9,eg,492192430258,,Skipped,True,True,Record skipped - Status is 'Skipped' (only 'Mapped' records with Source='JSON' are processed)
989105615713,989105615713.1.tex,,question/Translation/989105615713//tex/989105615713.1.tex,,E:/ContentMigrationPipelineOutput/Step4_OUTPUT/989105615713/tex/tex/989105615713.1.tex,Database,812195863739,es,453176392827,Mathematics,424170340194,9,eg,492192430258,,Skipped,True,True,Record skipped - Status is 'Skipped' (only 'Mapped' records with Source='JSON' are processed)
989105615713,1.svg,989105615713.01.svg,https://images.nagwa.com/figures/989105615713/1.svg,989105615713.01.svg,E:/ContentMigrationPipelineOutput/Step4_OUTPUT/989105615713/Updated/989105615713.01.svg,JSON,812195863739,es,453176392827,Mathematics,424170340194,9,eg,492192430258,,Success,True,True,
